"Network","s","t","p","k","Unconditional_mean","Unconditional_sd","Conditional_mean"
"Zachary",34,1,0.6,1,0,0,0
"Zachary",34,1,0.6,2,0.8195,0.384699554033322,0.822378324134471
"Zachary",34,1,0.6,3,0.1515,0.358625230607126,0.152032112393377
"Zachary",34,1,0.6,4,0.023,0.14994079204993,0.0230807827395886
"Zachary",34,1,0.6,5,0.002,0.0446877891515079,0.00200702458605118
"Zachary",34,1,0.6,6,5e-04,0.0223606797749979,0.000501756146512795
"Zachary",34,1,0.6,7,0,0,0
"Zachary",34,1,0.6,8,0,0,0
"Zachary",34,1,0.6,9,0,0,0
"Zachary",34,1,0.6,10,0,0,0
"Zachary",34,1,0.6,11,0,0,0
"Zachary",34,1,0.6,12,0,0,0
"Zachary",34,1,0.6,13,0,0,0
"Zachary",34,1,0.6,14,0,0,0
"Zachary",34,1,0.6,15,0,0,0
"Zachary",34,1,0.6,16,0,0,0
"Zachary",34,1,0.6,17,0,0,0
"Zachary",34,1,0.6,18,0,0,0
"Zachary",34,1,0.6,19,0,0,0
"Zachary",34,1,0.6,20,0,0,0
"Zachary",34,1,0.6,21,0,0,0
"Zachary",34,1,0.6,22,0,0,0
"Zachary",34,1,0.6,23,0,0,0
"Zachary",34,1,0.6,24,0,0,0
"Zachary",34,1,0.6,25,0,0,0
"Zachary",34,1,0.6,26,0,0,0
"Zachary",34,1,0.6,27,0,0,0
"Zachary",34,1,0.6,28,0,0,0
"Zachary",34,1,0.6,29,0,0,0
"Zachary",34,1,0.6,30,0,0,0
"Zachary",34,1,0.6,31,0,0,0
"Zachary",34,1,0.6,32,0,0,0
"Zachary",34,1,0.6,33,0,0,0
"Zachary",34,1,0.8,1,0,0,0
"Zachary",34,1,0.8,2,0.9835,0.127420045259633,0.9835
"Zachary",34,1,0.8,3,0.0165,0.127420045259633,0.0165
"Zachary",34,1,0.8,4,0,0,0
"Zachary",34,1,0.8,5,0,0,0
"Zachary",34,1,0.8,6,0,0,0
"Zachary",34,1,0.8,7,0,0,0
"Zachary",34,1,0.8,8,0,0,0
"Zachary",34,1,0.8,9,0,0,0
"Zachary",34,1,0.8,10,0,0,0
"Zachary",34,1,0.8,11,0,0,0
"Zachary",34,1,0.8,12,0,0,0
"Zachary",34,1,0.8,13,0,0,0
"Zachary",34,1,0.8,14,0,0,0
"Zachary",34,1,0.8,15,0,0,0
"Zachary",34,1,0.8,16,0,0,0
"Zachary",34,1,0.8,17,0,0,0
"Zachary",34,1,0.8,18,0,0,0
"Zachary",34,1,0.8,19,0,0,0
"Zachary",34,1,0.8,20,0,0,0
"Zachary",34,1,0.8,21,0,0,0
"Zachary",34,1,0.8,22,0,0,0
"Zachary",34,1,0.8,23,0,0,0
"Zachary",34,1,0.8,24,0,0,0
"Zachary",34,1,0.8,25,0,0,0
"Zachary",34,1,0.8,26,0,0,0
"Zachary",34,1,0.8,27,0,0,0
"Zachary",34,1,0.8,28,0,0,0
"Zachary",34,1,0.8,29,0,0,0
"Zachary",34,1,0.8,30,0,0,0
"Zachary",34,1,0.8,31,0,0,0
"Zachary",34,1,0.8,32,0,0,0
"Zachary",34,1,0.8,33,0,0,0
"Zachary",34,1,0.95,1,0,0,0
"Zachary",34,1,0.95,2,1,0,1
"Zachary",34,1,0.95,3,0,0,0
"Zachary",34,1,0.95,4,0,0,0
"Zachary",34,1,0.95,5,0,0,0
"Zachary",34,1,0.95,6,0,0,0
"Zachary",34,1,0.95,7,0,0,0
"Zachary",34,1,0.95,8,0,0,0
"Zachary",34,1,0.95,9,0,0,0
"Zachary",34,1,0.95,10,0,0,0
"Zachary",34,1,0.95,11,0,0,0
"Zachary",34,1,0.95,12,0,0,0
"Zachary",34,1,0.95,13,0,0,0
"Zachary",34,1,0.95,14,0,0,0
"Zachary",34,1,0.95,15,0,0,0
"Zachary",34,1,0.95,16,0,0,0
"Zachary",34,1,0.95,17,0,0,0
"Zachary",34,1,0.95,18,0,0,0
"Zachary",34,1,0.95,19,0,0,0
"Zachary",34,1,0.95,20,0,0,0
"Zachary",34,1,0.95,21,0,0,0
"Zachary",34,1,0.95,22,0,0,0
"Zachary",34,1,0.95,23,0,0,0
"Zachary",34,1,0.95,24,0,0,0
"Zachary",34,1,0.95,25,0,0,0
"Zachary",34,1,0.95,26,0,0,0
"Zachary",34,1,0.95,27,0,0,0
"Zachary",34,1,0.95,28,0,0,0
"Zachary",34,1,0.95,29,0,0,0
"Zachary",34,1,0.95,30,0,0,0
"Zachary",34,1,0.95,31,0,0,0
"Zachary",34,1,0.95,32,0,0,0
"Zachary",34,1,0.95,33,0,0,0
"Erdos-Renyi",30,28,0.6,1,0.575,0.494466630445688,0.575575575575575
"Erdos-Renyi",30,28,0.6,2,0.1435,0.350669694466614,0.143643643643644
"Erdos-Renyi",30,28,0.6,3,0.247,0.431374595938391,0.247247247247247
"Erdos-Renyi",30,28,0.6,4,0.029,0.167848403457619,0.029029029029029
"Erdos-Renyi",30,28,0.6,5,0.0025,0.0499499499374061,0.0025025025025025
"Erdos-Renyi",30,28,0.6,6,0.0015,0.0387104540095413,0.0015015015015015
"Erdos-Renyi",30,28,0.6,7,5e-04,0.0223606797749979,0.0005005005005005
"Erdos-Renyi",30,28,0.6,8,0,0,0
"Erdos-Renyi",30,28,0.6,9,0,0,0
"Erdos-Renyi",30,28,0.6,10,0,0,0
"Erdos-Renyi",30,28,0.6,11,0,0,0
"Erdos-Renyi",30,28,0.6,12,0,0,0
"Erdos-Renyi",30,28,0.6,13,0,0,0
"Erdos-Renyi",30,28,0.6,14,0,0,0
"Erdos-Renyi",30,28,0.6,15,0,0,0
"Erdos-Renyi",30,28,0.6,16,0,0,0
"Erdos-Renyi",30,28,0.6,17,0,0,0
"Erdos-Renyi",30,28,0.6,18,0,0,0
"Erdos-Renyi",30,28,0.6,19,0,0,0
"Erdos-Renyi",30,28,0.6,20,0,0,0
"Erdos-Renyi",30,28,0.6,21,0,0,0
"Erdos-Renyi",30,28,0.6,22,0,0,0
"Erdos-Renyi",30,28,0.6,23,0,0,0
"Erdos-Renyi",30,28,0.6,24,0,0,0
"Erdos-Renyi",30,28,0.6,25,0,0,0
"Erdos-Renyi",30,28,0.6,26,0,0,0
"Erdos-Renyi",30,28,0.6,27,0,0,0
"Erdos-Renyi",30,28,0.6,28,0,0,0
"Erdos-Renyi",30,28,0.6,29,0,0,0
"Erdos-Renyi",30,28,0.6,30,0,0,0
"Erdos-Renyi",30,28,0.6,31,0,0,0
"Erdos-Renyi",30,28,0.6,32,0,0,0
"Erdos-Renyi",30,28,0.6,33,0,0,0
"Erdos-Renyi",30,28,0.8,1,0.803,0.39783179242933,0.803
"Erdos-Renyi",30,28,0.8,2,0.1315,0.338030889773732,0.1315
"Erdos-Renyi",30,28,0.8,3,0.0655,0.247467917486474,0.0655
"Erdos-Renyi",30,28,0.8,4,0,0,0
"Erdos-Renyi",30,28,0.8,5,0,0,0
"Erdos-Renyi",30,28,0.8,6,0,0,0
"Erdos-Renyi",30,28,0.8,7,0,0,0
"Erdos-Renyi",30,28,0.8,8,0,0,0
"Erdos-Renyi",30,28,0.8,9,0,0,0
"Erdos-Renyi",30,28,0.8,10,0,0,0
"Erdos-Renyi",30,28,0.8,11,0,0,0
"Erdos-Renyi",30,28,0.8,12,0,0,0
"Erdos-Renyi",30,28,0.8,13,0,0,0
"Erdos-Renyi",30,28,0.8,14,0,0,0
"Erdos-Renyi",30,28,0.8,15,0,0,0
"Erdos-Renyi",30,28,0.8,16,0,0,0
"Erdos-Renyi",30,28,0.8,17,0,0,0
"Erdos-Renyi",30,28,0.8,18,0,0,0
"Erdos-Renyi",30,28,0.8,19,0,0,0
"Erdos-Renyi",30,28,0.8,20,0,0,0
"Erdos-Renyi",30,28,0.8,21,0,0,0
"Erdos-Renyi",30,28,0.8,22,0,0,0
"Erdos-Renyi",30,28,0.8,23,0,0,0
"Erdos-Renyi",30,28,0.8,24,0,0,0
"Erdos-Renyi",30,28,0.8,25,0,0,0
"Erdos-Renyi",30,28,0.8,26,0,0,0
"Erdos-Renyi",30,28,0.8,27,0,0,0
"Erdos-Renyi",30,28,0.8,28,0,0,0
"Erdos-Renyi",30,28,0.8,29,0,0,0
"Erdos-Renyi",30,28,0.8,30,0,0,0
"Erdos-Renyi",30,28,0.8,31,0,0,0
"Erdos-Renyi",30,28,0.8,32,0,0,0
"Erdos-Renyi",30,28,0.8,33,0,0,0
"Erdos-Renyi",30,28,0.95,1,0.946,0.226074224044646,0.946
"Erdos-Renyi",30,28,0.95,2,0.0485,0.214873998933582,0.0485
"Erdos-Renyi",30,28,0.95,3,0.0055,0.0739762545897098,0.0055
"Erdos-Renyi",30,28,0.95,4,0,0,0
"Erdos-Renyi",30,28,0.95,5,0,0,0
"Erdos-Renyi",30,28,0.95,6,0,0,0
"Erdos-Renyi",30,28,0.95,7,0,0,0
"Erdos-Renyi",30,28,0.95,8,0,0,0
"Erdos-Renyi",30,28,0.95,9,0,0,0
"Erdos-Renyi",30,28,0.95,10,0,0,0
"Erdos-Renyi",30,28,0.95,11,0,0,0
"Erdos-Renyi",30,28,0.95,12,0,0,0
"Erdos-Renyi",30,28,0.95,13,0,0,0
"Erdos-Renyi",30,28,0.95,14,0,0,0
"Erdos-Renyi",30,28,0.95,15,0,0,0
"Erdos-Renyi",30,28,0.95,16,0,0,0
"Erdos-Renyi",30,28,0.95,17,0,0,0
"Erdos-Renyi",30,28,0.95,18,0,0,0
"Erdos-Renyi",30,28,0.95,19,0,0,0
"Erdos-Renyi",30,28,0.95,20,0,0,0
"Erdos-Renyi",30,28,0.95,21,0,0,0
"Erdos-Renyi",30,28,0.95,22,0,0,0
"Erdos-Renyi",30,28,0.95,23,0,0,0
"Erdos-Renyi",30,28,0.95,24,0,0,0
"Erdos-Renyi",30,28,0.95,25,0,0,0
"Erdos-Renyi",30,28,0.95,26,0,0,0
"Erdos-Renyi",30,28,0.95,27,0,0,0
"Erdos-Renyi",30,28,0.95,28,0,0,0
"Erdos-Renyi",30,28,0.95,29,0,0,0
"Erdos-Renyi",30,28,0.95,30,0,0,0
"Erdos-Renyi",30,28,0.95,31,0,0,0
"Erdos-Renyi",30,28,0.95,32,0,0,0
"Erdos-Renyi",30,28,0.95,33,0,0,0
"Barabasi-Albert",4,2,0.6,1,0,0,0
"Barabasi-Albert",4,2,0.6,2,0.833,0.373069149481899,0.838028169014085
"Barabasi-Albert",4,2,0.6,3,0.1255,0.331367850471592,0.12625754527163
"Barabasi-Albert",4,2,0.6,4,0.0255,0.157677459043914,0.0256539235412475
"Barabasi-Albert",4,2,0.6,5,0.0065,0.0803802244973546,0.00653923541247485
"Barabasi-Albert",4,2,0.6,6,5e-04,0.0223606797749979,0.000503018108651912
"Barabasi-Albert",4,2,0.6,7,0.003,0.0547037132937433,0.00301810865191147
"Barabasi-Albert",4,2,0.6,8,0,0,0
"Barabasi-Albert",4,2,0.6,9,0,0,0
"Barabasi-Albert",4,2,0.6,10,0,0,0
"Barabasi-Albert",4,2,0.6,11,0,0,0
"Barabasi-Albert",4,2,0.6,12,0,0,0
"Barabasi-Albert",4,2,0.6,13,0,0,0
"Barabasi-Albert",4,2,0.6,14,0,0,0
"Barabasi-Albert",4,2,0.6,15,0,0,0
"Barabasi-Albert",4,2,0.6,16,0,0,0
"Barabasi-Albert",4,2,0.6,17,0,0,0
"Barabasi-Albert",4,2,0.6,18,0,0,0
"Barabasi-Albert",4,2,0.6,19,0,0,0
"Barabasi-Albert",4,2,0.6,20,0,0,0
"Barabasi-Albert",4,2,0.6,21,0,0,0
"Barabasi-Albert",4,2,0.6,22,0,0,0
"Barabasi-Albert",4,2,0.6,23,0,0,0
"Barabasi-Albert",4,2,0.6,24,0,0,0
"Barabasi-Albert",4,2,0.6,25,0,0,0
"Barabasi-Albert",4,2,0.6,26,0,0,0
"Barabasi-Albert",4,2,0.6,27,0,0,0
"Barabasi-Albert",4,2,0.6,28,0,0,0
"Barabasi-Albert",4,2,0.6,29,0,0,0
"Barabasi-Albert",4,2,0.6,30,0,0,0
"Barabasi-Albert",4,2,0.6,31,0,0,0
"Barabasi-Albert",4,2,0.6,32,0,0,0
"Barabasi-Albert",4,2,0.6,33,0,0,0
"Barabasi-Albert",4,2,0.8,1,0,0,0
"Barabasi-Albert",4,2,0.8,2,0.9855,0.119569638492489,0.9855
"Barabasi-Albert",4,2,0.8,3,0.014,0.1175198087674,0.014
"Barabasi-Albert",4,2,0.8,4,5e-04,0.0223606797749979,5e-04
"Barabasi-Albert",4,2,0.8,5,0,0,0
"Barabasi-Albert",4,2,0.8,6,0,0,0
"Barabasi-Albert",4,2,0.8,7,0,0,0
"Barabasi-Albert",4,2,0.8,8,0,0,0
"Barabasi-Albert",4,2,0.8,9,0,0,0
"Barabasi-Albert",4,2,0.8,10,0,0,0
"Barabasi-Albert",4,2,0.8,11,0,0,0
"Barabasi-Albert",4,2,0.8,12,0,0,0
"Barabasi-Albert",4,2,0.8,13,0,0,0
"Barabasi-Albert",4,2,0.8,14,0,0,0
"Barabasi-Albert",4,2,0.8,15,0,0,0
"Barabasi-Albert",4,2,0.8,16,0,0,0
"Barabasi-Albert",4,2,0.8,17,0,0,0
"Barabasi-Albert",4,2,0.8,18,0,0,0
"Barabasi-Albert",4,2,0.8,19,0,0,0
"Barabasi-Albert",4,2,0.8,20,0,0,0
"Barabasi-Albert",4,2,0.8,21,0,0,0
"Barabasi-Albert",4,2,0.8,22,0,0,0
"Barabasi-Albert",4,2,0.8,23,0,0,0
"Barabasi-Albert",4,2,0.8,24,0,0,0
"Barabasi-Albert",4,2,0.8,25,0,0,0
"Barabasi-Albert",4,2,0.8,26,0,0,0
"Barabasi-Albert",4,2,0.8,27,0,0,0
"Barabasi-Albert",4,2,0.8,28,0,0,0
"Barabasi-Albert",4,2,0.8,29,0,0,0
"Barabasi-Albert",4,2,0.8,30,0,0,0
"Barabasi-Albert",4,2,0.8,31,0,0,0
"Barabasi-Albert",4,2,0.8,32,0,0,0
"Barabasi-Albert",4,2,0.8,33,0,0,0
"Barabasi-Albert",4,2,0.95,1,0,0,0
"Barabasi-Albert",4,2,0.95,2,1,0,1
"Barabasi-Albert",4,2,0.95,3,0,0,0
"Barabasi-Albert",4,2,0.95,4,0,0,0
"Barabasi-Albert",4,2,0.95,5,0,0,0
"Barabasi-Albert",4,2,0.95,6,0,0,0
"Barabasi-Albert",4,2,0.95,7,0,0,0
"Barabasi-Albert",4,2,0.95,8,0,0,0
"Barabasi-Albert",4,2,0.95,9,0,0,0
"Barabasi-Albert",4,2,0.95,10,0,0,0
"Barabasi-Albert",4,2,0.95,11,0,0,0
"Barabasi-Albert",4,2,0.95,12,0,0,0
"Barabasi-Albert",4,2,0.95,13,0,0,0
"Barabasi-Albert",4,2,0.95,14,0,0,0
"Barabasi-Albert",4,2,0.95,15,0,0,0
"Barabasi-Albert",4,2,0.95,16,0,0,0
"Barabasi-Albert",4,2,0.95,17,0,0,0
"Barabasi-Albert",4,2,0.95,18,0,0,0
"Barabasi-Albert",4,2,0.95,19,0,0,0
"Barabasi-Albert",4,2,0.95,20,0,0,0
"Barabasi-Albert",4,2,0.95,21,0,0,0
"Barabasi-Albert",4,2,0.95,22,0,0,0
"Barabasi-Albert",4,2,0.95,23,0,0,0
"Barabasi-Albert",4,2,0.95,24,0,0,0
"Barabasi-Albert",4,2,0.95,25,0,0,0
"Barabasi-Albert",4,2,0.95,26,0,0,0
"Barabasi-Albert",4,2,0.95,27,0,0,0
"Barabasi-Albert",4,2,0.95,28,0,0,0
"Barabasi-Albert",4,2,0.95,29,0,0,0
"Barabasi-Albert",4,2,0.95,30,0,0,0
"Barabasi-Albert",4,2,0.95,31,0,0,0
"Barabasi-Albert",4,2,0.95,32,0,0,0
"Barabasi-Albert",4,2,0.95,33,0,0,0
"Watts-Strogatz",2,17,0.6,1,0,0,0
"Watts-Strogatz",2,17,0.6,2,0,0,0
"Watts-Strogatz",2,17,0.6,3,0.2025,0.401963353141346,0.246051032806804
"Watts-Strogatz",2,17,0.6,4,0.1475,0.354692336154396,0.179222357229648
"Watts-Strogatz",2,17,0.6,5,0.1475,0.354692336154396,0.179222357229648
"Watts-Strogatz",2,17,0.6,6,0.151,0.358138425145617,0.183475091130012
"Watts-Strogatz",2,17,0.6,7,0.068,0.25180886372788,0.0826245443499393
"Watts-Strogatz",2,17,0.6,8,0.0395,0.194830001192533,0.0479951397326853
"Watts-Strogatz",2,17,0.6,9,0.0285,0.166437978840168,0.034629404617254
"Watts-Strogatz",2,17,0.6,10,0.016,0.125506477673342,0.0194410692588092
"Watts-Strogatz",2,17,0.6,11,0.013,0.11330233320349,0.0157958687727825
"Watts-Strogatz",2,17,0.6,12,0.0035,0.0590719455187798,0.00425273390036452
"Watts-Strogatz",2,17,0.6,13,0.0015,0.0387104540095413,0.00182260024301337
"Watts-Strogatz",2,17,0.6,14,0.0025,0.0499499499374061,0.00303766707168894
"Watts-Strogatz",2,17,0.6,15,0,0,0
"Watts-Strogatz",2,17,0.6,16,0.001,0.0316148659632607,0.00121506682867558
"Watts-Strogatz",2,17,0.6,17,0,0,0
"Watts-Strogatz",2,17,0.6,18,0.001,0.0316148659632607,0.00121506682867558
"Watts-Strogatz",2,17,0.6,19,0,0,0
"Watts-Strogatz",2,17,0.6,20,0,0,0
"Watts-Strogatz",2,17,0.6,21,0,0,0
"Watts-Strogatz",2,17,0.6,22,0,0,0
"Watts-Strogatz",2,17,0.6,23,0,0,0
"Watts-Strogatz",2,17,0.6,24,0,0,0
"Watts-Strogatz",2,17,0.6,25,0,0,0
"Watts-Strogatz",2,17,0.6,26,0,0,0
"Watts-Strogatz",2,17,0.6,27,0,0,0
"Watts-Strogatz",2,17,0.6,28,0,0,0
"Watts-Strogatz",2,17,0.6,29,0,0,0
"Watts-Strogatz",2,17,0.6,30,0,0,0
"Watts-Strogatz",2,17,0.6,31,0,0,0
"Watts-Strogatz",2,17,0.6,32,0,0,0
"Watts-Strogatz",2,17,0.6,33,0,0,0
"Watts-Strogatz",2,17,0.8,1,0,0,0
"Watts-Strogatz",2,17,0.8,2,0,0,0
"Watts-Strogatz",2,17,0.8,3,0.5,0.50012504689454,0.501504513540622
"Watts-Strogatz",2,17,0.8,4,0.2545,0.435688721831499,0.255265797392177
"Watts-Strogatz",2,17,0.8,5,0.148,0.35518879422044,0.148445336008024
"Watts-Strogatz",2,17,0.8,6,0.078,0.268238654910127,0.078234704112337
"Watts-Strogatz",2,17,0.8,7,0.0105,0.101955615214351,0.0105315947843531
"Watts-Strogatz",2,17,0.8,8,0.0025,0.0499499499374061,0.00250752256770311
"Watts-Strogatz",2,17,0.8,9,0.003,0.0547037132937433,0.00300902708124373
"Watts-Strogatz",2,17,0.8,10,5e-04,0.0223606797749979,0.000501504513540622
"Watts-Strogatz",2,17,0.8,11,0,0,0
"Watts-Strogatz",2,17,0.8,12,0,0,0
"Watts-Strogatz",2,17,0.8,13,0,0,0
"Watts-Strogatz",2,17,0.8,14,0,0,0
"Watts-Strogatz",2,17,0.8,15,0,0,0
"Watts-Strogatz",2,17,0.8,16,0,0,0
"Watts-Strogatz",2,17,0.8,17,0,0,0
"Watts-Strogatz",2,17,0.8,18,0,0,0
"Watts-Strogatz",2,17,0.8,19,0,0,0
"Watts-Strogatz",2,17,0.8,20,0,0,0
"Watts-Strogatz",2,17,0.8,21,0,0,0
"Watts-Strogatz",2,17,0.8,22,0,0,0
"Watts-Strogatz",2,17,0.8,23,0,0,0
"Watts-Strogatz",2,17,0.8,24,0,0,0
"Watts-Strogatz",2,17,0.8,25,0,0,0
"Watts-Strogatz",2,17,0.8,26,0,0,0
"Watts-Strogatz",2,17,0.8,27,0,0,0
"Watts-Strogatz",2,17,0.8,28,0,0,0
"Watts-Strogatz",2,17,0.8,29,0,0,0
"Watts-Strogatz",2,17,0.8,30,0,0,0
"Watts-Strogatz",2,17,0.8,31,0,0,0
"Watts-Strogatz",2,17,0.8,32,0,0,0
"Watts-Strogatz",2,17,0.8,33,0,0,0
"Watts-Strogatz",2,17,0.95,1,0,0,0
"Watts-Strogatz",2,17,0.95,2,0,0,0
"Watts-Strogatz",2,17,0.95,3,0.8605,0.346554180323871,0.8605
"Watts-Strogatz",2,17,0.95,4,0.12,0.325042807047328,0.12
"Watts-Strogatz",2,17,0.95,5,0.0175,0.131157733952626,0.0175
"Watts-Strogatz",2,17,0.95,6,0.002,0.0446877891515079,0.002
"Watts-Strogatz",2,17,0.95,7,0,0,0
"Watts-Strogatz",2,17,0.95,8,0,0,0
"Watts-Strogatz",2,17,0.95,9,0,0,0
"Watts-Strogatz",2,17,0.95,10,0,0,0
"Watts-Strogatz",2,17,0.95,11,0,0,0
"Watts-Strogatz",2,17,0.95,12,0,0,0
"Watts-Strogatz",2,17,0.95,13,0,0,0
"Watts-Strogatz",2,17,0.95,14,0,0,0
"Watts-Strogatz",2,17,0.95,15,0,0,0
"Watts-Strogatz",2,17,0.95,16,0,0,0
"Watts-Strogatz",2,17,0.95,17,0,0,0
"Watts-Strogatz",2,17,0.95,18,0,0,0
"Watts-Strogatz",2,17,0.95,19,0,0,0
"Watts-Strogatz",2,17,0.95,20,0,0,0
"Watts-Strogatz",2,17,0.95,21,0,0,0
"Watts-Strogatz",2,17,0.95,22,0,0,0
"Watts-Strogatz",2,17,0.95,23,0,0,0
"Watts-Strogatz",2,17,0.95,24,0,0,0
"Watts-Strogatz",2,17,0.95,25,0,0,0
"Watts-Strogatz",2,17,0.95,26,0,0,0
"Watts-Strogatz",2,17,0.95,27,0,0,0
"Watts-Strogatz",2,17,0.95,28,0,0,0
"Watts-Strogatz",2,17,0.95,29,0,0,0
"Watts-Strogatz",2,17,0.95,30,0,0,0
"Watts-Strogatz",2,17,0.95,31,0,0,0
"Watts-Strogatz",2,17,0.95,32,0,0,0
"Watts-Strogatz",2,17,0.95,33,0,0,0
"IEEE-14-Bus",4,2,0.6,1,0.606,0.488757037515431,0.694158075601375
"IEEE-14-Bus",4,2,0.6,2,0.232,0.422214557501613,0.265750286368843
"IEEE-14-Bus",4,2,0.6,3,0.019,0.13655886702108,0.0217640320733104
"IEEE-14-Bus",4,2,0.6,4,0,0,0
"IEEE-14-Bus",4,2,0.6,5,0,0,0
"IEEE-14-Bus",4,2,0.6,6,0.01,0.0995236277284852,0.011454753722795
"IEEE-14-Bus",4,2,0.6,7,0.006,0.0772462522828511,0.00687285223367698
"IEEE-14-Bus",4,2,0.6,8,0,0,0
"IEEE-14-Bus",4,2,0.6,9,0,0,0
"IEEE-14-Bus",4,2,0.6,10,0,0,0
"IEEE-14-Bus",4,2,0.6,11,0,0,0
"IEEE-14-Bus",4,2,0.6,12,0,0,0
"IEEE-14-Bus",4,2,0.6,13,0,0,0
"IEEE-14-Bus",4,2,0.8,1,0.8065,0.395140250934974,0.814646464646465
"IEEE-14-Bus",4,2,0.8,2,0.166,0.372173691477936,0.167676767676768
"IEEE-14-Bus",4,2,0.8,3,0.008,0.0891065092178596,0.00808080808080808
"IEEE-14-Bus",4,2,0.8,4,0,0,0
"IEEE-14-Bus",4,2,0.8,5,0,0,0
"IEEE-14-Bus",4,2,0.8,6,0.0065,0.0803802244973546,0.00656565656565657
"IEEE-14-Bus",4,2,0.8,7,0.003,0.0547037132937433,0.00303030303030303
"IEEE-14-Bus",4,2,0.8,8,0,0,0
"IEEE-14-Bus",4,2,0.8,9,0,0,0
"IEEE-14-Bus",4,2,0.8,10,0,0,0
"IEEE-14-Bus",4,2,0.8,11,0,0,0
"IEEE-14-Bus",4,2,0.8,12,0,0,0
"IEEE-14-Bus",4,2,0.8,13,0,0,0
"IEEE-14-Bus",4,2,0.95,1,0.947,0.224089509022683,0.947
"IEEE-14-Bus",4,2,0.95,2,0.053,0.224089509022683,0.053
"IEEE-14-Bus",4,2,0.95,3,0,0,0
"IEEE-14-Bus",4,2,0.95,4,0,0,0
"IEEE-14-Bus",4,2,0.95,5,0,0,0
"IEEE-14-Bus",4,2,0.95,6,0,0,0
"IEEE-14-Bus",4,2,0.95,7,0,0,0
"IEEE-14-Bus",4,2,0.95,8,0,0,0
"IEEE-14-Bus",4,2,0.95,9,0,0,0
"IEEE-14-Bus",4,2,0.95,10,0,0,0
"IEEE-14-Bus",4,2,0.95,11,0,0,0
"IEEE-14-Bus",4,2,0.95,12,0,0,0
"IEEE-14-Bus",4,2,0.95,13,0,0,0
"IEEE-118-Bus",49,100,0.6,1,0,0,0
"IEEE-118-Bus",49,100,0.6,2,0,0,0
"IEEE-118-Bus",49,100,0.6,3,0,0,0
"IEEE-118-Bus",49,100,0.6,4,0,0,0
"IEEE-118-Bus",49,100,0.6,5,0.1375,0.344460558755671,0.249546279491833
"IEEE-118-Bus",49,100,0.6,6,0.139,0.346033046737905,0.252268602540835
"IEEE-118-Bus",49,100,0.6,7,0.1005,0.300740706400452,0.182395644283122
"IEEE-118-Bus",49,100,0.6,8,0.0585,0.234745186641442,0.106170598911071
"IEEE-118-Bus",49,100,0.6,9,0.041,0.198339782531562,0.0744101633393829
"IEEE-118-Bus",49,100,0.6,10,0.0215,0.145080233447112,0.0390199637023593
"IEEE-118-Bus",49,100,0.6,11,0.012,0.108912492237956,0.0217785843920145
"IEEE-118-Bus",49,100,0.6,12,0.0135,0.115431417760084,0.0245009074410163
"IEEE-118-Bus",49,100,0.6,13,0.008,0.0891065092178596,0.014519056261343
"IEEE-118-Bus",49,100,0.6,14,0.0045,0.0669476735629981,0.00816696914700544
"IEEE-118-Bus",49,100,0.6,15,0.002,0.0446877891515079,0.00362976406533575
"IEEE-118-Bus",49,100,0.6,16,0.002,0.0446877891515079,0.00362976406533575
"IEEE-118-Bus",49,100,0.6,17,0.0035,0.0590719455187798,0.00635208711433757
"IEEE-118-Bus",49,100,0.6,18,0.0025,0.0499499499374061,0.00453720508166969
"IEEE-118-Bus",49,100,0.6,19,5e-04,0.0223606797749979,0.000907441016333938
"IEEE-118-Bus",49,100,0.6,20,0,0,0
"IEEE-118-Bus",49,100,0.6,21,0.001,0.0316148659632607,0.00181488203266788
"IEEE-118-Bus",49,100,0.6,22,0.0015,0.0387104540095413,0.00272232304900181
"IEEE-118-Bus",49,100,0.6,23,0.001,0.0316148659632607,0.00181488203266788
"IEEE-118-Bus",49,100,0.6,24,5e-04,0.0223606797749979,0.000907441016333938
"IEEE-118-Bus",49,100,0.6,25,0,0,0
"IEEE-118-Bus",49,100,0.6,26,0,0,0
"IEEE-118-Bus",49,100,0.6,27,5e-04,0.0223606797749979,0.000907441016333938
"IEEE-118-Bus",49,100,0.6,28,0,0,0
"IEEE-118-Bus",49,100,0.6,29,0,0,0
"IEEE-118-Bus",49,100,0.6,30,0,0,0
"IEEE-118-Bus",49,100,0.6,31,0,0,0
"IEEE-118-Bus",49,100,0.6,32,0,0,0
"IEEE-118-Bus",49,100,0.6,33,0,0,0
"IEEE-118-Bus",49,100,0.6,34,0,0,0
"IEEE-118-Bus",49,100,0.6,35,0,0,0
"IEEE-118-Bus",49,100,0.6,36,0,0,0
"IEEE-118-Bus",49,100,0.6,37,0,0,0
"IEEE-118-Bus",49,100,0.6,38,0,0,0
"IEEE-118-Bus",49,100,0.6,39,0,0,0
"IEEE-118-Bus",49,100,0.6,40,0,0,0
"IEEE-118-Bus",49,100,0.6,41,0,0,0
"IEEE-118-Bus",49,100,0.6,42,0,0,0
"IEEE-118-Bus",49,100,0.6,43,0,0,0
"IEEE-118-Bus",49,100,0.6,44,0,0,0
"IEEE-118-Bus",49,100,0.6,45,0,0,0
"IEEE-118-Bus",49,100,0.6,46,0,0,0
"IEEE-118-Bus",49,100,0.6,47,0,0,0
"IEEE-118-Bus",49,100,0.6,48,0,0,0
"IEEE-118-Bus",49,100,0.6,49,0,0,0
"IEEE-118-Bus",49,100,0.6,50,0,0,0
"IEEE-118-Bus",49,100,0.6,51,0,0,0
"IEEE-118-Bus",49,100,0.6,52,0,0,0
"IEEE-118-Bus",49,100,0.6,53,0,0,0
"IEEE-118-Bus",49,100,0.6,54,0,0,0
"IEEE-118-Bus",49,100,0.6,55,0,0,0
"IEEE-118-Bus",49,100,0.6,56,0,0,0
"IEEE-118-Bus",49,100,0.6,57,0,0,0
"IEEE-118-Bus",49,100,0.6,58,0,0,0
"IEEE-118-Bus",49,100,0.6,59,0,0,0
"IEEE-118-Bus",49,100,0.6,60,0,0,0
"IEEE-118-Bus",49,100,0.6,61,0,0,0
"IEEE-118-Bus",49,100,0.6,62,0,0,0
"IEEE-118-Bus",49,100,0.6,63,0,0,0
"IEEE-118-Bus",49,100,0.6,64,0,0,0
"IEEE-118-Bus",49,100,0.6,65,0,0,0
"IEEE-118-Bus",49,100,0.6,66,0,0,0
"IEEE-118-Bus",49,100,0.6,67,0,0,0
"IEEE-118-Bus",49,100,0.6,68,0,0,0
"IEEE-118-Bus",49,100,0.6,69,0,0,0
"IEEE-118-Bus",49,100,0.6,70,0,0,0
"IEEE-118-Bus",49,100,0.6,71,0,0,0
"IEEE-118-Bus",49,100,0.6,72,0,0,0
"IEEE-118-Bus",49,100,0.6,73,0,0,0
"IEEE-118-Bus",49,100,0.6,74,0,0,0
"IEEE-118-Bus",49,100,0.6,75,0,0,0
"IEEE-118-Bus",49,100,0.6,76,0,0,0
"IEEE-118-Bus",49,100,0.6,77,0,0,0
"IEEE-118-Bus",49,100,0.6,78,0,0,0
"IEEE-118-Bus",49,100,0.6,79,0,0,0
"IEEE-118-Bus",49,100,0.6,80,0,0,0
"IEEE-118-Bus",49,100,0.6,81,0,0,0
"IEEE-118-Bus",49,100,0.6,82,0,0,0
"IEEE-118-Bus",49,100,0.6,83,0,0,0
"IEEE-118-Bus",49,100,0.6,84,0,0,0
"IEEE-118-Bus",49,100,0.6,85,0,0,0
"IEEE-118-Bus",49,100,0.6,86,0,0,0
"IEEE-118-Bus",49,100,0.6,87,0,0,0
"IEEE-118-Bus",49,100,0.6,88,0,0,0
"IEEE-118-Bus",49,100,0.6,89,0,0,0
"IEEE-118-Bus",49,100,0.6,90,0,0,0
"IEEE-118-Bus",49,100,0.6,91,0,0,0
"IEEE-118-Bus",49,100,0.6,92,0,0,0
"IEEE-118-Bus",49,100,0.6,93,0,0,0
"IEEE-118-Bus",49,100,0.6,94,0,0,0
"IEEE-118-Bus",49,100,0.6,95,0,0,0
"IEEE-118-Bus",49,100,0.6,96,0,0,0
"IEEE-118-Bus",49,100,0.6,97,0,0,0
"IEEE-118-Bus",49,100,0.6,98,0,0,0
"IEEE-118-Bus",49,100,0.6,99,0,0,0
"IEEE-118-Bus",49,100,0.6,100,0,0,0
"IEEE-118-Bus",49,100,0.6,101,0,0,0
"IEEE-118-Bus",49,100,0.6,102,0,0,0
"IEEE-118-Bus",49,100,0.6,103,0,0,0
"IEEE-118-Bus",49,100,0.6,104,0,0,0
"IEEE-118-Bus",49,100,0.6,105,0,0,0
"IEEE-118-Bus",49,100,0.6,106,0,0,0
"IEEE-118-Bus",49,100,0.6,107,0,0,0
"IEEE-118-Bus",49,100,0.6,108,0,0,0
"IEEE-118-Bus",49,100,0.6,109,0,0,0
"IEEE-118-Bus",49,100,0.6,110,0,0,0
"IEEE-118-Bus",49,100,0.6,111,0,0,0
"IEEE-118-Bus",49,100,0.6,112,0,0,0
"IEEE-118-Bus",49,100,0.6,113,0,0,0
"IEEE-118-Bus",49,100,0.6,114,0,0,0
"IEEE-118-Bus",49,100,0.6,115,0,0,0
"IEEE-118-Bus",49,100,0.6,116,0,0,0
"IEEE-118-Bus",49,100,0.6,117,0,0,0
"IEEE-118-Bus",49,100,0.8,1,0,0,0
"IEEE-118-Bus",49,100,0.8,2,0,0,0
"IEEE-118-Bus",49,100,0.8,3,0,0,0
"IEEE-118-Bus",49,100,0.8,4,0,0,0
"IEEE-118-Bus",49,100,0.8,5,0.433,0.495614585044119,0.44824016563147
"IEEE-118-Bus",49,100,0.8,6,0.3085,0.46198968303807,0.31935817805383
"IEEE-118-Bus",49,100,0.8,7,0.1195,0.324457063712745,0.123706004140787
"IEEE-118-Bus",49,100,0.8,8,0.048,0.213819689059999,0.0496894409937888
"IEEE-118-Bus",49,100,0.8,9,0.0205,0.14173847359644,0.0212215320910973
"IEEE-118-Bus",49,100,0.8,10,0.015,0.121582857326178,0.015527950310559
"IEEE-118-Bus",49,100,0.8,11,0.008,0.0891065092178596,0.0082815734989648
"IEEE-118-Bus",49,100,0.8,12,0.004,0.0631347210059429,0.0041407867494824
"IEEE-118-Bus",49,100,0.8,13,0.002,0.0446877891515079,0.0020703933747412
"IEEE-118-Bus",49,100,0.8,14,0.003,0.0547037132937433,0.0031055900621118
"IEEE-118-Bus",49,100,0.8,15,5e-04,0.0223606797749979,0.0005175983436853
"IEEE-118-Bus",49,100,0.8,16,0.002,0.0446877891515079,0.0020703933747412
"IEEE-118-Bus",49,100,0.8,17,0.0015,0.0387104540095413,0.0015527950310559
"IEEE-118-Bus",49,100,0.8,18,0,0,0
"IEEE-118-Bus",49,100,0.8,19,0,0,0
"IEEE-118-Bus",49,100,0.8,20,0,0,0
"IEEE-118-Bus",49,100,0.8,21,5e-04,0.0223606797749979,0.0005175983436853
"IEEE-118-Bus",49,100,0.8,22,0,0,0
"IEEE-118-Bus",49,100,0.8,23,0,0,0
"IEEE-118-Bus",49,100,0.8,24,0,0,0
"IEEE-118-Bus",49,100,0.8,25,0,0,0
"IEEE-118-Bus",49,100,0.8,26,0,0,0
"IEEE-118-Bus",49,100,0.8,27,0,0,0
"IEEE-118-Bus",49,100,0.8,28,0,0,0
"IEEE-118-Bus",49,100,0.8,29,0,0,0
"IEEE-118-Bus",49,100,0.8,30,0,0,0
"IEEE-118-Bus",49,100,0.8,31,0,0,0
"IEEE-118-Bus",49,100,0.8,32,0,0,0
"IEEE-118-Bus",49,100,0.8,33,0,0,0
"IEEE-118-Bus",49,100,0.8,34,0,0,0
"IEEE-118-Bus",49,100,0.8,35,0,0,0
"IEEE-118-Bus",49,100,0.8,36,0,0,0
"IEEE-118-Bus",49,100,0.8,37,0,0,0
"IEEE-118-Bus",49,100,0.8,38,0,0,0
"IEEE-118-Bus",49,100,0.8,39,0,0,0
"IEEE-118-Bus",49,100,0.8,40,0,0,0
"IEEE-118-Bus",49,100,0.8,41,0,0,0
"IEEE-118-Bus",49,100,0.8,42,0,0,0
"IEEE-118-Bus",49,100,0.8,43,0,0,0
"IEEE-118-Bus",49,100,0.8,44,0,0,0
"IEEE-118-Bus",49,100,0.8,45,0,0,0
"IEEE-118-Bus",49,100,0.8,46,0,0,0
"IEEE-118-Bus",49,100,0.8,47,0,0,0
"IEEE-118-Bus",49,100,0.8,48,0,0,0
"IEEE-118-Bus",49,100,0.8,49,0,0,0
"IEEE-118-Bus",49,100,0.8,50,0,0,0
"IEEE-118-Bus",49,100,0.8,51,0,0,0
"IEEE-118-Bus",49,100,0.8,52,0,0,0
"IEEE-118-Bus",49,100,0.8,53,0,0,0
"IEEE-118-Bus",49,100,0.8,54,0,0,0
"IEEE-118-Bus",49,100,0.8,55,0,0,0
"IEEE-118-Bus",49,100,0.8,56,0,0,0
"IEEE-118-Bus",49,100,0.8,57,0,0,0
"IEEE-118-Bus",49,100,0.8,58,0,0,0
"IEEE-118-Bus",49,100,0.8,59,0,0,0
"IEEE-118-Bus",49,100,0.8,60,0,0,0
"IEEE-118-Bus",49,100,0.8,61,0,0,0
"IEEE-118-Bus",49,100,0.8,62,0,0,0
"IEEE-118-Bus",49,100,0.8,63,0,0,0
"IEEE-118-Bus",49,100,0.8,64,0,0,0
"IEEE-118-Bus",49,100,0.8,65,0,0,0
"IEEE-118-Bus",49,100,0.8,66,0,0,0
"IEEE-118-Bus",49,100,0.8,67,0,0,0
"IEEE-118-Bus",49,100,0.8,68,0,0,0
"IEEE-118-Bus",49,100,0.8,69,0,0,0
"IEEE-118-Bus",49,100,0.8,70,0,0,0
"IEEE-118-Bus",49,100,0.8,71,0,0,0
"IEEE-118-Bus",49,100,0.8,72,0,0,0
"IEEE-118-Bus",49,100,0.8,73,0,0,0
"IEEE-118-Bus",49,100,0.8,74,0,0,0
"IEEE-118-Bus",49,100,0.8,75,0,0,0
"IEEE-118-Bus",49,100,0.8,76,0,0,0
"IEEE-118-Bus",49,100,0.8,77,0,0,0
"IEEE-118-Bus",49,100,0.8,78,0,0,0
"IEEE-118-Bus",49,100,0.8,79,0,0,0
"IEEE-118-Bus",49,100,0.8,80,0,0,0
"IEEE-118-Bus",49,100,0.8,81,0,0,0
"IEEE-118-Bus",49,100,0.8,82,0,0,0
"IEEE-118-Bus",49,100,0.8,83,0,0,0
"IEEE-118-Bus",49,100,0.8,84,0,0,0
"IEEE-118-Bus",49,100,0.8,85,0,0,0
"IEEE-118-Bus",49,100,0.8,86,0,0,0
"IEEE-118-Bus",49,100,0.8,87,0,0,0
"IEEE-118-Bus",49,100,0.8,88,0,0,0
"IEEE-118-Bus",49,100,0.8,89,0,0,0
"IEEE-118-Bus",49,100,0.8,90,0,0,0
"IEEE-118-Bus",49,100,0.8,91,0,0,0
"IEEE-118-Bus",49,100,0.8,92,0,0,0
"IEEE-118-Bus",49,100,0.8,93,0,0,0
"IEEE-118-Bus",49,100,0.8,94,0,0,0
"IEEE-118-Bus",49,100,0.8,95,0,0,0
"IEEE-118-Bus",49,100,0.8,96,0,0,0
"IEEE-118-Bus",49,100,0.8,97,0,0,0
"IEEE-118-Bus",49,100,0.8,98,0,0,0
"IEEE-118-Bus",49,100,0.8,99,0,0,0
"IEEE-118-Bus",49,100,0.8,100,0,0,0
"IEEE-118-Bus",49,100,0.8,101,0,0,0
"IEEE-118-Bus",49,100,0.8,102,0,0,0
"IEEE-118-Bus",49,100,0.8,103,0,0,0
"IEEE-118-Bus",49,100,0.8,104,0,0,0
"IEEE-118-Bus",49,100,0.8,105,0,0,0
"IEEE-118-Bus",49,100,0.8,106,0,0,0
"IEEE-118-Bus",49,100,0.8,107,0,0,0
"IEEE-118-Bus",49,100,0.8,108,0,0,0
"IEEE-118-Bus",49,100,0.8,109,0,0,0
"IEEE-118-Bus",49,100,0.8,110,0,0,0
"IEEE-118-Bus",49,100,0.8,111,0,0,0
"IEEE-118-Bus",49,100,0.8,112,0,0,0
"IEEE-118-Bus",49,100,0.8,113,0,0,0
"IEEE-118-Bus",49,100,0.8,114,0,0,0
"IEEE-118-Bus",49,100,0.8,115,0,0,0
"IEEE-118-Bus",49,100,0.8,116,0,0,0
"IEEE-118-Bus",49,100,0.8,117,0,0,0
"IEEE-118-Bus",49,100,0.95,1,0,0,0
"IEEE-118-Bus",49,100,0.95,2,0,0,0
"IEEE-118-Bus",49,100,0.95,3,0,0,0
"IEEE-118-Bus",49,100,0.95,4,0,0,0
"IEEE-118-Bus",49,100,0.95,5,0.839,0.367622868285752,0.839
"IEEE-118-Bus",49,100,0.95,6,0.1475,0.354692336154396,0.1475
"IEEE-118-Bus",49,100,0.95,7,0.0125,0.111130216244194,0.0125
"IEEE-118-Bus",49,100,0.95,8,0,0,0
"IEEE-118-Bus",49,100,0.95,9,5e-04,0.0223606797749979,5e-04
"IEEE-118-Bus",49,100,0.95,10,0,0,0
"IEEE-118-Bus",49,100,0.95,11,0,0,0
"IEEE-118-Bus",49,100,0.95,12,0,0,0
"IEEE-118-Bus",49,100,0.95,13,0,0,0
"IEEE-118-Bus",49,100,0.95,14,0,0,0
"IEEE-118-Bus",49,100,0.95,15,0,0,0
"IEEE-118-Bus",49,100,0.95,16,0,0,0
"IEEE-118-Bus",49,100,0.95,17,0,0,0
"IEEE-118-Bus",49,100,0.95,18,5e-04,0.0223606797749979,5e-04
"IEEE-118-Bus",49,100,0.95,19,0,0,0
"IEEE-118-Bus",49,100,0.95,20,0,0,0
"IEEE-118-Bus",49,100,0.95,21,0,0,0
"IEEE-118-Bus",49,100,0.95,22,0,0,0
"IEEE-118-Bus",49,100,0.95,23,0,0,0
"IEEE-118-Bus",49,100,0.95,24,0,0,0
"IEEE-118-Bus",49,100,0.95,25,0,0,0
"IEEE-118-Bus",49,100,0.95,26,0,0,0
"IEEE-118-Bus",49,100,0.95,27,0,0,0
"IEEE-118-Bus",49,100,0.95,28,0,0,0
"IEEE-118-Bus",49,100,0.95,29,0,0,0
"IEEE-118-Bus",49,100,0.95,30,0,0,0
"IEEE-118-Bus",49,100,0.95,31,0,0,0
"IEEE-118-Bus",49,100,0.95,32,0,0,0
"IEEE-118-Bus",49,100,0.95,33,0,0,0
"IEEE-118-Bus",49,100,0.95,34,0,0,0
"IEEE-118-Bus",49,100,0.95,35,0,0,0
"IEEE-118-Bus",49,100,0.95,36,0,0,0
"IEEE-118-Bus",49,100,0.95,37,0,0,0
"IEEE-118-Bus",49,100,0.95,38,0,0,0
"IEEE-118-Bus",49,100,0.95,39,0,0,0
"IEEE-118-Bus",49,100,0.95,40,0,0,0
"IEEE-118-Bus",49,100,0.95,41,0,0,0
"IEEE-118-Bus",49,100,0.95,42,0,0,0
"IEEE-118-Bus",49,100,0.95,43,0,0,0
"IEEE-118-Bus",49,100,0.95,44,0,0,0
"IEEE-118-Bus",49,100,0.95,45,0,0,0
"IEEE-118-Bus",49,100,0.95,46,0,0,0
"IEEE-118-Bus",49,100,0.95,47,0,0,0
"IEEE-118-Bus",49,100,0.95,48,0,0,0
"IEEE-118-Bus",49,100,0.95,49,0,0,0
"IEEE-118-Bus",49,100,0.95,50,0,0,0
"IEEE-118-Bus",49,100,0.95,51,0,0,0
"IEEE-118-Bus",49,100,0.95,52,0,0,0
"IEEE-118-Bus",49,100,0.95,53,0,0,0
"IEEE-118-Bus",49,100,0.95,54,0,0,0
"IEEE-118-Bus",49,100,0.95,55,0,0,0
"IEEE-118-Bus",49,100,0.95,56,0,0,0
"IEEE-118-Bus",49,100,0.95,57,0,0,0
"IEEE-118-Bus",49,100,0.95,58,0,0,0
"IEEE-118-Bus",49,100,0.95,59,0,0,0
"IEEE-118-Bus",49,100,0.95,60,0,0,0
"IEEE-118-Bus",49,100,0.95,61,0,0,0
"IEEE-118-Bus",49,100,0.95,62,0,0,0
"IEEE-118-Bus",49,100,0.95,63,0,0,0
"IEEE-118-Bus",49,100,0.95,64,0,0,0
"IEEE-118-Bus",49,100,0.95,65,0,0,0
"IEEE-118-Bus",49,100,0.95,66,0,0,0
"IEEE-118-Bus",49,100,0.95,67,0,0,0
"IEEE-118-Bus",49,100,0.95,68,0,0,0
"IEEE-118-Bus",49,100,0.95,69,0,0,0
"IEEE-118-Bus",49,100,0.95,70,0,0,0
"IEEE-118-Bus",49,100,0.95,71,0,0,0
"IEEE-118-Bus",49,100,0.95,72,0,0,0
"IEEE-118-Bus",49,100,0.95,73,0,0,0
"IEEE-118-Bus",49,100,0.95,74,0,0,0
"IEEE-118-Bus",49,100,0.95,75,0,0,0
"IEEE-118-Bus",49,100,0.95,76,0,0,0
"IEEE-118-Bus",49,100,0.95,77,0,0,0
"IEEE-118-Bus",49,100,0.95,78,0,0,0
"IEEE-118-Bus",49,100,0.95,79,0,0,0
"IEEE-118-Bus",49,100,0.95,80,0,0,0
"IEEE-118-Bus",49,100,0.95,81,0,0,0
"IEEE-118-Bus",49,100,0.95,82,0,0,0
"IEEE-118-Bus",49,100,0.95,83,0,0,0
"IEEE-118-Bus",49,100,0.95,84,0,0,0
"IEEE-118-Bus",49,100,0.95,85,0,0,0
"IEEE-118-Bus",49,100,0.95,86,0,0,0
"IEEE-118-Bus",49,100,0.95,87,0,0,0
"IEEE-118-Bus",49,100,0.95,88,0,0,0
"IEEE-118-Bus",49,100,0.95,89,0,0,0
"IEEE-118-Bus",49,100,0.95,90,0,0,0
"IEEE-118-Bus",49,100,0.95,91,0,0,0
"IEEE-118-Bus",49,100,0.95,92,0,0,0
"IEEE-118-Bus",49,100,0.95,93,0,0,0
"IEEE-118-Bus",49,100,0.95,94,0,0,0
"IEEE-118-Bus",49,100,0.95,95,0,0,0
"IEEE-118-Bus",49,100,0.95,96,0,0,0
"IEEE-118-Bus",49,100,0.95,97,0,0,0
"IEEE-118-Bus",49,100,0.95,98,0,0,0
"IEEE-118-Bus",49,100,0.95,99,0,0,0
"IEEE-118-Bus",49,100,0.95,100,0,0,0
"IEEE-118-Bus",49,100,0.95,101,0,0,0
"IEEE-118-Bus",49,100,0.95,102,0,0,0
"IEEE-118-Bus",49,100,0.95,103,0,0,0
"IEEE-118-Bus",49,100,0.95,104,0,0,0
"IEEE-118-Bus",49,100,0.95,105,0,0,0
"IEEE-118-Bus",49,100,0.95,106,0,0,0
"IEEE-118-Bus",49,100,0.95,107,0,0,0
"IEEE-118-Bus",49,100,0.95,108,0,0,0
"IEEE-118-Bus",49,100,0.95,109,0,0,0
"IEEE-118-Bus",49,100,0.95,110,0,0,0
"IEEE-118-Bus",49,100,0.95,111,0,0,0
"IEEE-118-Bus",49,100,0.95,112,0,0,0
"IEEE-118-Bus",49,100,0.95,113,0,0,0
"IEEE-118-Bus",49,100,0.95,114,0,0,0
"IEEE-118-Bus",49,100,0.95,115,0,0,0
"IEEE-118-Bus",49,100,0.95,116,0,0,0
"IEEE-118-Bus",49,100,0.95,117,0,0,0
"Venezuela-Grid",3,11,0.6,1,0,0,0
"Venezuela-Grid",3,11,0.6,2,0,0,0
"Venezuela-Grid",3,11,0.6,3,0,0,0
"Venezuela-Grid",3,11,0.6,4,0.31,0.462608909881501,0.645833333333333
"Venezuela-Grid",3,11,0.6,5,0.0795,0.270585214265469,0.165625
"Venezuela-Grid",3,11,0.6,6,0.028,0.165013983672305,0.0583333333333333
"Venezuela-Grid",3,11,0.6,7,0.012,0.108912492237956,0.025
"Venezuela-Grid",3,11,0.6,8,0.0075,0.0862987470179517,0.015625
"Venezuela-Grid",3,11,0.6,9,0.007,0.0833935083721707,0.0145833333333333
"Venezuela-Grid",3,11,0.6,10,0.01,0.0995236277284852,0.0208333333333333
"Venezuela-Grid",3,11,0.6,11,0.013,0.11330233320349,0.0270833333333333
"Venezuela-Grid",3,11,0.6,12,0.005,0.0705513199335929,0.0104166666666667
"Venezuela-Grid",3,11,0.6,13,0.0015,0.0387104540095413,0.003125
"Venezuela-Grid",3,11,0.6,14,0.0035,0.0590719455187798,0.00729166666666667
"Venezuela-Grid",3,11,0.6,15,0.001,0.0316148659632607,0.00208333333333333
"Venezuela-Grid",3,11,0.6,16,5e-04,0.0223606797749979,0.00104166666666667
"Venezuela-Grid",3,11,0.6,17,5e-04,0.0223606797749979,0.00104166666666667
"Venezuela-Grid",3,11,0.6,18,0,0,0
"Venezuela-Grid",3,11,0.6,19,0.001,0.0316148659632607,0.00208333333333333
"Venezuela-Grid",3,11,0.6,20,0,0,0
"Venezuela-Grid",3,11,0.6,21,0,0,0
"Venezuela-Grid",3,11,0.6,22,0,0,0
"Venezuela-Grid",3,11,0.6,23,0,0,0
"Venezuela-Grid",3,11,0.6,24,0,0,0
"Venezuela-Grid",3,11,0.6,25,0,0,0
"Venezuela-Grid",3,11,0.6,26,0,0,0
"Venezuela-Grid",3,11,0.6,27,0,0,0
"Venezuela-Grid",3,11,0.6,28,0,0,0
"Venezuela-Grid",3,11,0.6,29,0,0,0
"Venezuela-Grid",3,11,0.6,30,0,0,0
"Venezuela-Grid",3,11,0.6,31,0,0,0
"Venezuela-Grid",3,11,0.6,32,0,0,0
"Venezuela-Grid",3,11,0.6,33,0,0,0
"Venezuela-Grid",3,11,0.6,34,0,0,0
"Venezuela-Grid",3,11,0.6,35,0,0,0
"Venezuela-Grid",3,11,0.6,36,0,0,0
"Venezuela-Grid",3,11,0.6,37,0,0,0
"Venezuela-Grid",3,11,0.6,38,0,0,0
"Venezuela-Grid",3,11,0.6,39,0,0,0
"Venezuela-Grid",3,11,0.6,40,0,0,0
"Venezuela-Grid",3,11,0.6,41,0,0,0
"Venezuela-Grid",3,11,0.6,42,0,0,0
"Venezuela-Grid",3,11,0.6,43,0,0,0
"Venezuela-Grid",3,11,0.6,44,0,0,0
"Venezuela-Grid",3,11,0.6,45,0,0,0
"Venezuela-Grid",3,11,0.6,46,0,0,0
"Venezuela-Grid",3,11,0.6,47,0,0,0
"Venezuela-Grid",3,11,0.6,48,0,0,0
"Venezuela-Grid",3,11,0.6,49,0,0,0
"Venezuela-Grid",3,11,0.6,50,0,0,0
"Venezuela-Grid",3,11,0.6,51,0,0,0
"Venezuela-Grid",3,11,0.6,52,0,0,0
"Venezuela-Grid",3,11,0.6,53,0,0,0
"Venezuela-Grid",3,11,0.6,54,0,0,0
"Venezuela-Grid",3,11,0.6,55,0,0,0
"Venezuela-Grid",3,11,0.6,56,0,0,0
"Venezuela-Grid",3,11,0.6,57,0,0,0
"Venezuela-Grid",3,11,0.6,58,0,0,0
"Venezuela-Grid",3,11,0.6,59,0,0,0
"Venezuela-Grid",3,11,0.6,60,0,0,0
"Venezuela-Grid",3,11,0.6,61,0,0,0
"Venezuela-Grid",3,11,0.6,62,0,0,0
"Venezuela-Grid",3,11,0.6,63,0,0,0
"Venezuela-Grid",3,11,0.6,64,0,0,0
"Venezuela-Grid",3,11,0.6,65,0,0,0
"Venezuela-Grid",3,11,0.6,66,0,0,0
"Venezuela-Grid",3,11,0.6,67,0,0,0
"Venezuela-Grid",3,11,0.6,68,0,0,0
"Venezuela-Grid",3,11,0.6,69,0,0,0
"Venezuela-Grid",3,11,0.6,70,0,0,0
"Venezuela-Grid",3,11,0.6,71,0,0,0
"Venezuela-Grid",3,11,0.6,72,0,0,0
"Venezuela-Grid",3,11,0.6,73,0,0,0
"Venezuela-Grid",3,11,0.6,74,0,0,0
"Venezuela-Grid",3,11,0.6,75,0,0,0
"Venezuela-Grid",3,11,0.6,76,0,0,0
"Venezuela-Grid",3,11,0.6,77,0,0,0
"Venezuela-Grid",3,11,0.6,78,0,0,0
"Venezuela-Grid",3,11,0.6,79,0,0,0
"Venezuela-Grid",3,11,0.8,1,0,0,0
"Venezuela-Grid",3,11,0.8,2,0,0,0
"Venezuela-Grid",3,11,0.8,3,0,0,0
"Venezuela-Grid",3,11,0.8,4,0.736,0.440909515207259,0.780487804878049
"Venezuela-Grid",3,11,0.8,5,0.0715,0.257722642544733,0.0758218451749735
"Venezuela-Grid",3,11,0.8,6,0.041,0.198339782531562,0.0434782608695652
"Venezuela-Grid",3,11,0.8,7,0.014,0.1175198087674,0.0148462354188759
"Venezuela-Grid",3,11,0.8,8,0.006,0.0772462522828511,0.0063626723223754
"Venezuela-Grid",3,11,0.8,9,0.0195,0.138308765656153,0.02067868504772
"Venezuela-Grid",3,11,0.8,10,0.012,0.108912492237956,0.0127253446447508
"Venezuela-Grid",3,11,0.8,11,0.0175,0.131157733952626,0.0185577942735949
"Venezuela-Grid",3,11,0.8,12,0.0115,0.106646316009317,0.0121951219512195
"Venezuela-Grid",3,11,0.8,13,0.0065,0.0803802244973546,0.00689289501590668
"Venezuela-Grid",3,11,0.8,14,0.004,0.0631347210059429,0.00424178154825027
"Venezuela-Grid",3,11,0.8,15,0.0015,0.0387104540095413,0.00159066808059385
"Venezuela-Grid",3,11,0.8,16,0.001,0.0316148659632607,0.00106044538706257
"Venezuela-Grid",3,11,0.8,17,5e-04,0.0223606797749979,0.000530222693531283
"Venezuela-Grid",3,11,0.8,18,0,0,0
"Venezuela-Grid",3,11,0.8,19,0,0,0
"Venezuela-Grid",3,11,0.8,20,0,0,0
"Venezuela-Grid",3,11,0.8,21,5e-04,0.0223606797749979,0.000530222693531283
"Venezuela-Grid",3,11,0.8,22,0,0,0
"Venezuela-Grid",3,11,0.8,23,0,0,0
"Venezuela-Grid",3,11,0.8,24,0,0,0
"Venezuela-Grid",3,11,0.8,25,0,0,0
"Venezuela-Grid",3,11,0.8,26,0,0,0
"Venezuela-Grid",3,11,0.8,27,0,0,0
"Venezuela-Grid",3,11,0.8,28,0,0,0
"Venezuela-Grid",3,11,0.8,29,0,0,0
"Venezuela-Grid",3,11,0.8,30,0,0,0
"Venezuela-Grid",3,11,0.8,31,0,0,0
"Venezuela-Grid",3,11,0.8,32,0,0,0
"Venezuela-Grid",3,11,0.8,33,0,0,0
"Venezuela-Grid",3,11,0.8,34,0,0,0
"Venezuela-Grid",3,11,0.8,35,0,0,0
"Venezuela-Grid",3,11,0.8,36,0,0,0
"Venezuela-Grid",3,11,0.8,37,0,0,0
"Venezuela-Grid",3,11,0.8,38,0,0,0
"Venezuela-Grid",3,11,0.8,39,0,0,0
"Venezuela-Grid",3,11,0.8,40,0,0,0
"Venezuela-Grid",3,11,0.8,41,0,0,0
"Venezuela-Grid",3,11,0.8,42,0,0,0
"Venezuela-Grid",3,11,0.8,43,0,0,0
"Venezuela-Grid",3,11,0.8,44,0,0,0
"Venezuela-Grid",3,11,0.8,45,0,0,0
"Venezuela-Grid",3,11,0.8,46,0,0,0
"Venezuela-Grid",3,11,0.8,47,0,0,0
"Venezuela-Grid",3,11,0.8,48,0,0,0
"Venezuela-Grid",3,11,0.8,49,0,0,0
"Venezuela-Grid",3,11,0.8,50,0,0,0
"Venezuela-Grid",3,11,0.8,51,0,0,0
"Venezuela-Grid",3,11,0.8,52,0,0,0
"Venezuela-Grid",3,11,0.8,53,0,0,0
"Venezuela-Grid",3,11,0.8,54,0,0,0
"Venezuela-Grid",3,11,0.8,55,0,0,0
"Venezuela-Grid",3,11,0.8,56,0,0,0
"Venezuela-Grid",3,11,0.8,57,0,0,0
"Venezuela-Grid",3,11,0.8,58,0,0,0
"Venezuela-Grid",3,11,0.8,59,0,0,0
"Venezuela-Grid",3,11,0.8,60,0,0,0
"Venezuela-Grid",3,11,0.8,61,0,0,0
"Venezuela-Grid",3,11,0.8,62,0,0,0
"Venezuela-Grid",3,11,0.8,63,0,0,0
"Venezuela-Grid",3,11,0.8,64,0,0,0
"Venezuela-Grid",3,11,0.8,65,0,0,0
"Venezuela-Grid",3,11,0.8,66,0,0,0
"Venezuela-Grid",3,11,0.8,67,0,0,0
"Venezuela-Grid",3,11,0.8,68,0,0,0
"Venezuela-Grid",3,11,0.8,69,0,0,0
"Venezuela-Grid",3,11,0.8,70,0,0,0
"Venezuela-Grid",3,11,0.8,71,0,0,0
"Venezuela-Grid",3,11,0.8,72,0,0,0
"Venezuela-Grid",3,11,0.8,73,0,0,0
"Venezuela-Grid",3,11,0.8,74,0,0,0
"Venezuela-Grid",3,11,0.8,75,0,0,0
"Venezuela-Grid",3,11,0.8,76,0,0,0
"Venezuela-Grid",3,11,0.8,77,0,0,0
"Venezuela-Grid",3,11,0.8,78,0,0,0
"Venezuela-Grid",3,11,0.8,79,0,0,0
"Venezuela-Grid",3,11,0.95,1,0,0,0
"Venezuela-Grid",3,11,0.95,2,0,0,0
"Venezuela-Grid",3,11,0.95,3,0,0,0
"Venezuela-Grid",3,11,0.95,4,0.979,0.14341995900962,0.979
"Venezuela-Grid",3,11,0.95,5,0.0105,0.101955615214351,0.0105
"Venezuela-Grid",3,11,0.95,6,0.0065,0.0803802244973546,0.0065
"Venezuela-Grid",3,11,0.95,7,0.003,0.0547037132937433,0.003
"Venezuela-Grid",3,11,0.95,8,0,0,0
"Venezuela-Grid",3,11,0.95,9,0.001,0.0316148659632607,0.001
"Venezuela-Grid",3,11,0.95,10,0,0,0
"Venezuela-Grid",3,11,0.95,11,0,0,0
"Venezuela-Grid",3,11,0.95,12,0,0,0
"Venezuela-Grid",3,11,0.95,13,0,0,0
"Venezuela-Grid",3,11,0.95,14,0,0,0
"Venezuela-Grid",3,11,0.95,15,0,0,0
"Venezuela-Grid",3,11,0.95,16,0,0,0
"Venezuela-Grid",3,11,0.95,17,0,0,0
"Venezuela-Grid",3,11,0.95,18,0,0,0
"Venezuela-Grid",3,11,0.95,19,0,0,0
"Venezuela-Grid",3,11,0.95,20,0,0,0
"Venezuela-Grid",3,11,0.95,21,0,0,0
"Venezuela-Grid",3,11,0.95,22,0,0,0
"Venezuela-Grid",3,11,0.95,23,0,0,0
"Venezuela-Grid",3,11,0.95,24,0,0,0
"Venezuela-Grid",3,11,0.95,25,0,0,0
"Venezuela-Grid",3,11,0.95,26,0,0,0
"Venezuela-Grid",3,11,0.95,27,0,0,0
"Venezuela-Grid",3,11,0.95,28,0,0,0
"Venezuela-Grid",3,11,0.95,29,0,0,0
"Venezuela-Grid",3,11,0.95,30,0,0,0
"Venezuela-Grid",3,11,0.95,31,0,0,0
"Venezuela-Grid",3,11,0.95,32,0,0,0
"Venezuela-Grid",3,11,0.95,33,0,0,0
"Venezuela-Grid",3,11,0.95,34,0,0,0
"Venezuela-Grid",3,11,0.95,35,0,0,0
"Venezuela-Grid",3,11,0.95,36,0,0,0
"Venezuela-Grid",3,11,0.95,37,0,0,0
"Venezuela-Grid",3,11,0.95,38,0,0,0
"Venezuela-Grid",3,11,0.95,39,0,0,0
"Venezuela-Grid",3,11,0.95,40,0,0,0
"Venezuela-Grid",3,11,0.95,41,0,0,0
"Venezuela-Grid",3,11,0.95,42,0,0,0
"Venezuela-Grid",3,11,0.95,43,0,0,0
"Venezuela-Grid",3,11,0.95,44,0,0,0
"Venezuela-Grid",3,11,0.95,45,0,0,0
"Venezuela-Grid",3,11,0.95,46,0,0,0
"Venezuela-Grid",3,11,0.95,47,0,0,0
"Venezuela-Grid",3,11,0.95,48,0,0,0
"Venezuela-Grid",3,11,0.95,49,0,0,0
"Venezuela-Grid",3,11,0.95,50,0,0,0
"Venezuela-Grid",3,11,0.95,51,0,0,0
"Venezuela-Grid",3,11,0.95,52,0,0,0
"Venezuela-Grid",3,11,0.95,53,0,0,0
"Venezuela-Grid",3,11,0.95,54,0,0,0
"Venezuela-Grid",3,11,0.95,55,0,0,0
"Venezuela-Grid",3,11,0.95,56,0,0,0
"Venezuela-Grid",3,11,0.95,57,0,0,0
"Venezuela-Grid",3,11,0.95,58,0,0,0
"Venezuela-Grid",3,11,0.95,59,0,0,0
"Venezuela-Grid",3,11,0.95,60,0,0,0
"Venezuela-Grid",3,11,0.95,61,0,0,0
"Venezuela-Grid",3,11,0.95,62,0,0,0
"Venezuela-Grid",3,11,0.95,63,0,0,0
"Venezuela-Grid",3,11,0.95,64,0,0,0
"Venezuela-Grid",3,11,0.95,65,0,0,0
"Venezuela-Grid",3,11,0.95,66,0,0,0
"Venezuela-Grid",3,11,0.95,67,0,0,0
"Venezuela-Grid",3,11,0.95,68,0,0,0
"Venezuela-Grid",3,11,0.95,69,0,0,0
"Venezuela-Grid",3,11,0.95,70,0,0,0
"Venezuela-Grid",3,11,0.95,71,0,0,0
"Venezuela-Grid",3,11,0.95,72,0,0,0
"Venezuela-Grid",3,11,0.95,73,0,0,0
"Venezuela-Grid",3,11,0.95,74,0,0,0
"Venezuela-Grid",3,11,0.95,75,0,0,0
"Venezuela-Grid",3,11,0.95,76,0,0,0
"Venezuela-Grid",3,11,0.95,77,0,0,0
"Venezuela-Grid",3,11,0.95,78,0,0,0
"Venezuela-Grid",3,11,0.95,79,0,0,0
"Italian-Grid",68,64,0.6,1,0,0,0
"Italian-Grid",68,64,0.6,2,0.358,0.479532038020135,0.511794138670479
"Italian-Grid",68,64,0.6,3,0.288,0.452944344582913,0.411722659042173
"Italian-Grid",68,64,0.6,4,0.0165,0.127420045259633,0.0235882773409578
"Italian-Grid",68,64,0.6,5,0,0,0
"Italian-Grid",68,64,0.6,6,0,0,0
"Italian-Grid",68,64,0.6,7,0.01,0.0995236277284852,0.0142959256611866
"Italian-Grid",68,64,0.6,8,0.0075,0.0862987470179517,0.0107219442458899
"Italian-Grid",68,64,0.6,9,0.0025,0.0499499499374061,0.00357398141529664
"Italian-Grid",68,64,0.6,10,0.0045,0.0669476735629981,0.00643316654753395
"Italian-Grid",68,64,0.6,11,0.004,0.0631347210059429,0.00571837026447462
"Italian-Grid",68,64,0.6,12,0.003,0.0547037132937433,0.00428877769835597
"Italian-Grid",68,64,0.6,13,0.002,0.0446877891515079,0.00285918513223731
"Italian-Grid",68,64,0.6,14,0,0,0
"Italian-Grid",68,64,0.6,15,0.0015,0.0387104540095413,0.00214438884917798
"Italian-Grid",68,64,0.6,16,0,0,0
"Italian-Grid",68,64,0.6,17,5e-04,0.0223606797749979,0.000714796283059328
"Italian-Grid",68,64,0.6,18,5e-04,0.0223606797749979,0.000714796283059328
"Italian-Grid",68,64,0.6,19,5e-04,0.0223606797749979,0.000714796283059328
"Italian-Grid",68,64,0.6,20,0,0,0
"Italian-Grid",68,64,0.6,21,0,0,0
"Italian-Grid",68,64,0.6,22,0,0,0
"Italian-Grid",68,64,0.6,23,0,0,0
"Italian-Grid",68,64,0.6,24,5e-04,0.0223606797749979,0.000714796283059328
"Italian-Grid",68,64,0.6,25,0,0,0
"Italian-Grid",68,64,0.6,26,0,0,0
"Italian-Grid",68,64,0.6,27,0,0,0
"Italian-Grid",68,64,0.6,28,0,0,0
"Italian-Grid",68,64,0.6,29,0,0,0
"Italian-Grid",68,64,0.6,30,0,0,0
"Italian-Grid",68,64,0.6,31,0,0,0
"Italian-Grid",68,64,0.6,32,0,0,0
"Italian-Grid",68,64,0.6,33,0,0,0
"Italian-Grid",68,64,0.6,34,0,0,0
"Italian-Grid",68,64,0.6,35,0,0,0
"Italian-Grid",68,64,0.6,36,0,0,0
"Italian-Grid",68,64,0.6,37,0,0,0
"Italian-Grid",68,64,0.6,38,0,0,0
"Italian-Grid",68,64,0.6,39,0,0,0
"Italian-Grid",68,64,0.6,40,0,0,0
"Italian-Grid",68,64,0.6,41,0,0,0
"Italian-Grid",68,64,0.6,42,0,0,0
"Italian-Grid",68,64,0.6,43,0,0,0
"Italian-Grid",68,64,0.6,44,0,0,0
"Italian-Grid",68,64,0.6,45,0,0,0
"Italian-Grid",68,64,0.6,46,0,0,0
"Italian-Grid",68,64,0.6,47,0,0,0
"Italian-Grid",68,64,0.6,48,0,0,0
"Italian-Grid",68,64,0.6,49,0,0,0
"Italian-Grid",68,64,0.6,50,0,0,0
"Italian-Grid",68,64,0.6,51,0,0,0
"Italian-Grid",68,64,0.6,52,0,0,0
"Italian-Grid",68,64,0.6,53,0,0,0
"Italian-Grid",68,64,0.6,54,0,0,0
"Italian-Grid",68,64,0.6,55,0,0,0
"Italian-Grid",68,64,0.6,56,0,0,0
"Italian-Grid",68,64,0.6,57,0,0,0
"Italian-Grid",68,64,0.6,58,0,0,0
"Italian-Grid",68,64,0.6,59,0,0,0
"Italian-Grid",68,64,0.6,60,0,0,0
"Italian-Grid",68,64,0.6,61,0,0,0
"Italian-Grid",68,64,0.6,62,0,0,0
"Italian-Grid",68,64,0.6,63,0,0,0
"Italian-Grid",68,64,0.6,64,0,0,0
"Italian-Grid",68,64,0.6,65,0,0,0
"Italian-Grid",68,64,0.6,66,0,0,0
"Italian-Grid",68,64,0.6,67,0,0,0
"Italian-Grid",68,64,0.6,68,0,0,0
"Italian-Grid",68,64,0.6,69,0,0,0
"Italian-Grid",68,64,0.6,70,0,0,0
"Italian-Grid",68,64,0.6,71,0,0,0
"Italian-Grid",68,64,0.6,72,0,0,0
"Italian-Grid",68,64,0.6,73,0,0,0
"Italian-Grid",68,64,0.6,74,0,0,0
"Italian-Grid",68,64,0.6,75,0,0,0
"Italian-Grid",68,64,0.6,76,0,0,0
"Italian-Grid",68,64,0.6,77,0,0,0
"Italian-Grid",68,64,0.6,78,0,0,0
"Italian-Grid",68,64,0.6,79,0,0,0
"Italian-Grid",68,64,0.6,80,0,0,0
"Italian-Grid",68,64,0.6,81,0,0,0
"Italian-Grid",68,64,0.6,82,0,0,0
"Italian-Grid",68,64,0.6,83,0,0,0
"Italian-Grid",68,64,0.6,84,0,0,0
"Italian-Grid",68,64,0.6,85,0,0,0
"Italian-Grid",68,64,0.6,86,0,0,0
"Italian-Grid",68,64,0.6,87,0,0,0
"Italian-Grid",68,64,0.6,88,0,0,0
"Italian-Grid",68,64,0.6,89,0,0,0
"Italian-Grid",68,64,0.6,90,0,0,0
"Italian-Grid",68,64,0.6,91,0,0,0
"Italian-Grid",68,64,0.6,92,0,0,0
"Italian-Grid",68,64,0.6,93,0,0,0
"Italian-Grid",68,64,0.6,94,0,0,0
"Italian-Grid",68,64,0.6,95,0,0,0
"Italian-Grid",68,64,0.6,96,0,0,0
"Italian-Grid",68,64,0.6,97,0,0,0
"Italian-Grid",68,64,0.6,98,0,0,0
"Italian-Grid",68,64,0.6,99,0,0,0
"Italian-Grid",68,64,0.6,100,0,0,0
"Italian-Grid",68,64,0.6,101,0,0,0
"Italian-Grid",68,64,0.6,102,0,0,0
"Italian-Grid",68,64,0.6,103,0,0,0
"Italian-Grid",68,64,0.6,104,0,0,0
"Italian-Grid",68,64,0.6,105,0,0,0
"Italian-Grid",68,64,0.6,106,0,0,0
"Italian-Grid",68,64,0.6,107,0,0,0
"Italian-Grid",68,64,0.6,108,0,0,0
"Italian-Grid",68,64,0.6,109,0,0,0
"Italian-Grid",68,64,0.6,110,0,0,0
"Italian-Grid",68,64,0.6,111,0,0,0
"Italian-Grid",68,64,0.6,112,0,0,0
"Italian-Grid",68,64,0.6,113,0,0,0
"Italian-Grid",68,64,0.6,114,0,0,0
"Italian-Grid",68,64,0.6,115,0,0,0
"Italian-Grid",68,64,0.6,116,0,0,0
"Italian-Grid",68,64,0.6,117,0,0,0
"Italian-Grid",68,64,0.6,118,0,0,0
"Italian-Grid",68,64,0.6,119,0,0,0
"Italian-Grid",68,64,0.6,120,0,0,0
"Italian-Grid",68,64,0.6,121,0,0,0
"Italian-Grid",68,64,0.6,122,0,0,0
"Italian-Grid",68,64,0.6,123,0,0,0
"Italian-Grid",68,64,0.6,124,0,0,0
"Italian-Grid",68,64,0.6,125,0,0,0
"Italian-Grid",68,64,0.6,126,0,0,0
"Italian-Grid",68,64,0.8,1,0,0,0
"Italian-Grid",68,64,0.8,2,0.6345,0.481690526044929,0.648441492079714
"Italian-Grid",68,64,0.8,3,0.283,0.450569091542159,0.28921819110884
"Italian-Grid",68,64,0.8,4,0.0105,0.101955615214351,0.0107307102708227
"Italian-Grid",68,64,0.8,5,0,0,0
"Italian-Grid",68,64,0.8,6,0,0,0
"Italian-Grid",68,64,0.8,7,0.02,0.140035013130471,0.0204394481349004
"Italian-Grid",68,64,0.8,8,0.007,0.0833935083721707,0.00715380684721512
"Italian-Grid",68,64,0.8,9,0.005,0.0705513199335929,0.00510986203372509
"Italian-Grid",68,64,0.8,10,0.005,0.0705513199335929,0.00510986203372509
"Italian-Grid",68,64,0.8,11,0.0055,0.0739762545897098,0.0056208482370976
"Italian-Grid",68,64,0.8,12,0.0025,0.0499499499374061,0.00255493101686254
"Italian-Grid",68,64,0.8,13,0.001,0.0316148659632607,0.00102197240674502
"Italian-Grid",68,64,0.8,14,5e-04,0.0223606797749979,0.000510986203372509
"Italian-Grid",68,64,0.8,15,0,0,0
"Italian-Grid",68,64,0.8,16,5e-04,0.0223606797749979,0.000510986203372509
"Italian-Grid",68,64,0.8,17,5e-04,0.0223606797749979,0.000510986203372509
"Italian-Grid",68,64,0.8,18,0.001,0.0316148659632607,0.00102197240674502
"Italian-Grid",68,64,0.8,19,0,0,0
"Italian-Grid",68,64,0.8,20,0,0,0
"Italian-Grid",68,64,0.8,21,0,0,0
"Italian-Grid",68,64,0.8,22,5e-04,0.0223606797749979,0.000510986203372509
"Italian-Grid",68,64,0.8,23,0,0,0
"Italian-Grid",68,64,0.8,24,0,0,0
"Italian-Grid",68,64,0.8,25,0.001,0.0316148659632607,0.00102197240674502
"Italian-Grid",68,64,0.8,26,5e-04,0.0223606797749979,0.000510986203372509
"Italian-Grid",68,64,0.8,27,0,0,0
"Italian-Grid",68,64,0.8,28,0,0,0
"Italian-Grid",68,64,0.8,29,0,0,0
"Italian-Grid",68,64,0.8,30,0,0,0
"Italian-Grid",68,64,0.8,31,0,0,0
"Italian-Grid",68,64,0.8,32,0,0,0
"Italian-Grid",68,64,0.8,33,0,0,0
"Italian-Grid",68,64,0.8,34,0,0,0
"Italian-Grid",68,64,0.8,35,0,0,0
"Italian-Grid",68,64,0.8,36,0,0,0
"Italian-Grid",68,64,0.8,37,0,0,0
"Italian-Grid",68,64,0.8,38,0,0,0
"Italian-Grid",68,64,0.8,39,0,0,0
"Italian-Grid",68,64,0.8,40,0,0,0
"Italian-Grid",68,64,0.8,41,0,0,0
"Italian-Grid",68,64,0.8,42,0,0,0
"Italian-Grid",68,64,0.8,43,0,0,0
"Italian-Grid",68,64,0.8,44,0,0,0
"Italian-Grid",68,64,0.8,45,0,0,0
"Italian-Grid",68,64,0.8,46,0,0,0
"Italian-Grid",68,64,0.8,47,0,0,0
"Italian-Grid",68,64,0.8,48,0,0,0
"Italian-Grid",68,64,0.8,49,0,0,0
"Italian-Grid",68,64,0.8,50,0,0,0
"Italian-Grid",68,64,0.8,51,0,0,0
"Italian-Grid",68,64,0.8,52,0,0,0
"Italian-Grid",68,64,0.8,53,0,0,0
"Italian-Grid",68,64,0.8,54,0,0,0
"Italian-Grid",68,64,0.8,55,0,0,0
"Italian-Grid",68,64,0.8,56,0,0,0
"Italian-Grid",68,64,0.8,57,0,0,0
"Italian-Grid",68,64,0.8,58,0,0,0
"Italian-Grid",68,64,0.8,59,0,0,0
"Italian-Grid",68,64,0.8,60,0,0,0
"Italian-Grid",68,64,0.8,61,0,0,0
"Italian-Grid",68,64,0.8,62,0,0,0
"Italian-Grid",68,64,0.8,63,0,0,0
"Italian-Grid",68,64,0.8,64,0,0,0
"Italian-Grid",68,64,0.8,65,0,0,0
"Italian-Grid",68,64,0.8,66,0,0,0
"Italian-Grid",68,64,0.8,67,0,0,0
"Italian-Grid",68,64,0.8,68,0,0,0
"Italian-Grid",68,64,0.8,69,0,0,0
"Italian-Grid",68,64,0.8,70,0,0,0
"Italian-Grid",68,64,0.8,71,0,0,0
"Italian-Grid",68,64,0.8,72,0,0,0
"Italian-Grid",68,64,0.8,73,0,0,0
"Italian-Grid",68,64,0.8,74,0,0,0
"Italian-Grid",68,64,0.8,75,0,0,0
"Italian-Grid",68,64,0.8,76,0,0,0
"Italian-Grid",68,64,0.8,77,0,0,0
"Italian-Grid",68,64,0.8,78,0,0,0
"Italian-Grid",68,64,0.8,79,0,0,0
"Italian-Grid",68,64,0.8,80,0,0,0
"Italian-Grid",68,64,0.8,81,0,0,0
"Italian-Grid",68,64,0.8,82,0,0,0
"Italian-Grid",68,64,0.8,83,0,0,0
"Italian-Grid",68,64,0.8,84,0,0,0
"Italian-Grid",68,64,0.8,85,0,0,0
"Italian-Grid",68,64,0.8,86,0,0,0
"Italian-Grid",68,64,0.8,87,0,0,0
"Italian-Grid",68,64,0.8,88,0,0,0
"Italian-Grid",68,64,0.8,89,0,0,0
"Italian-Grid",68,64,0.8,90,0,0,0
"Italian-Grid",68,64,0.8,91,0,0,0
"Italian-Grid",68,64,0.8,92,0,0,0
"Italian-Grid",68,64,0.8,93,0,0,0
"Italian-Grid",68,64,0.8,94,0,0,0
"Italian-Grid",68,64,0.8,95,0,0,0
"Italian-Grid",68,64,0.8,96,0,0,0
"Italian-Grid",68,64,0.8,97,0,0,0
"Italian-Grid",68,64,0.8,98,0,0,0
"Italian-Grid",68,64,0.8,99,0,0,0
"Italian-Grid",68,64,0.8,100,0,0,0
"Italian-Grid",68,64,0.8,101,0,0,0
"Italian-Grid",68,64,0.8,102,0,0,0
"Italian-Grid",68,64,0.8,103,0,0,0
"Italian-Grid",68,64,0.8,104,0,0,0
"Italian-Grid",68,64,0.8,105,0,0,0
"Italian-Grid",68,64,0.8,106,0,0,0
"Italian-Grid",68,64,0.8,107,0,0,0
"Italian-Grid",68,64,0.8,108,0,0,0
"Italian-Grid",68,64,0.8,109,0,0,0
"Italian-Grid",68,64,0.8,110,0,0,0
"Italian-Grid",68,64,0.8,111,0,0,0
"Italian-Grid",68,64,0.8,112,0,0,0
"Italian-Grid",68,64,0.8,113,0,0,0
"Italian-Grid",68,64,0.8,114,0,0,0
"Italian-Grid",68,64,0.8,115,0,0,0
"Italian-Grid",68,64,0.8,116,0,0,0
"Italian-Grid",68,64,0.8,117,0,0,0
"Italian-Grid",68,64,0.8,118,0,0,0
"Italian-Grid",68,64,0.8,119,0,0,0
"Italian-Grid",68,64,0.8,120,0,0,0
"Italian-Grid",68,64,0.8,121,0,0,0
"Italian-Grid",68,64,0.8,122,0,0,0
"Italian-Grid",68,64,0.8,123,0,0,0
"Italian-Grid",68,64,0.8,124,0,0,0
"Italian-Grid",68,64,0.8,125,0,0,0
"Italian-Grid",68,64,0.8,126,0,0,0
"Italian-Grid",68,64,0.95,1,0,0,0
"Italian-Grid",68,64,0.95,2,0.9085,0.2883909406818,0.9085
"Italian-Grid",68,64,0.95,3,0.091,0.287681038982577,0.091
"Italian-Grid",68,64,0.95,4,5e-04,0.0223606797749979,5e-04
"Italian-Grid",68,64,0.95,5,0,0,0
"Italian-Grid",68,64,0.95,6,0,0,0
"Italian-Grid",68,64,0.95,7,0,0,0
"Italian-Grid",68,64,0.95,8,0,0,0
"Italian-Grid",68,64,0.95,9,0,0,0
"Italian-Grid",68,64,0.95,10,0,0,0
"Italian-Grid",68,64,0.95,11,0,0,0
"Italian-Grid",68,64,0.95,12,0,0,0
"Italian-Grid",68,64,0.95,13,0,0,0
"Italian-Grid",68,64,0.95,14,0,0,0
"Italian-Grid",68,64,0.95,15,0,0,0
"Italian-Grid",68,64,0.95,16,0,0,0
"Italian-Grid",68,64,0.95,17,0,0,0
"Italian-Grid",68,64,0.95,18,0,0,0
"Italian-Grid",68,64,0.95,19,0,0,0
"Italian-Grid",68,64,0.95,20,0,0,0
"Italian-Grid",68,64,0.95,21,0,0,0
"Italian-Grid",68,64,0.95,22,0,0,0
"Italian-Grid",68,64,0.95,23,0,0,0
"Italian-Grid",68,64,0.95,24,0,0,0
"Italian-Grid",68,64,0.95,25,0,0,0
"Italian-Grid",68,64,0.95,26,0,0,0
"Italian-Grid",68,64,0.95,27,0,0,0
"Italian-Grid",68,64,0.95,28,0,0,0
"Italian-Grid",68,64,0.95,29,0,0,0
"Italian-Grid",68,64,0.95,30,0,0,0
"Italian-Grid",68,64,0.95,31,0,0,0
"Italian-Grid",68,64,0.95,32,0,0,0
"Italian-Grid",68,64,0.95,33,0,0,0
"Italian-Grid",68,64,0.95,34,0,0,0
"Italian-Grid",68,64,0.95,35,0,0,0
"Italian-Grid",68,64,0.95,36,0,0,0
"Italian-Grid",68,64,0.95,37,0,0,0
"Italian-Grid",68,64,0.95,38,0,0,0
"Italian-Grid",68,64,0.95,39,0,0,0
"Italian-Grid",68,64,0.95,40,0,0,0
"Italian-Grid",68,64,0.95,41,0,0,0
"Italian-Grid",68,64,0.95,42,0,0,0
"Italian-Grid",68,64,0.95,43,0,0,0
"Italian-Grid",68,64,0.95,44,0,0,0
"Italian-Grid",68,64,0.95,45,0,0,0
"Italian-Grid",68,64,0.95,46,0,0,0
"Italian-Grid",68,64,0.95,47,0,0,0
"Italian-Grid",68,64,0.95,48,0,0,0
"Italian-Grid",68,64,0.95,49,0,0,0
"Italian-Grid",68,64,0.95,50,0,0,0
"Italian-Grid",68,64,0.95,51,0,0,0
"Italian-Grid",68,64,0.95,52,0,0,0
"Italian-Grid",68,64,0.95,53,0,0,0
"Italian-Grid",68,64,0.95,54,0,0,0
"Italian-Grid",68,64,0.95,55,0,0,0
"Italian-Grid",68,64,0.95,56,0,0,0
"Italian-Grid",68,64,0.95,57,0,0,0
"Italian-Grid",68,64,0.95,58,0,0,0
"Italian-Grid",68,64,0.95,59,0,0,0
"Italian-Grid",68,64,0.95,60,0,0,0
"Italian-Grid",68,64,0.95,61,0,0,0
"Italian-Grid",68,64,0.95,62,0,0,0
"Italian-Grid",68,64,0.95,63,0,0,0
"Italian-Grid",68,64,0.95,64,0,0,0
"Italian-Grid",68,64,0.95,65,0,0,0
"Italian-Grid",68,64,0.95,66,0,0,0
"Italian-Grid",68,64,0.95,67,0,0,0
"Italian-Grid",68,64,0.95,68,0,0,0
"Italian-Grid",68,64,0.95,69,0,0,0
"Italian-Grid",68,64,0.95,70,0,0,0
"Italian-Grid",68,64,0.95,71,0,0,0
"Italian-Grid",68,64,0.95,72,0,0,0
"Italian-Grid",68,64,0.95,73,0,0,0
"Italian-Grid",68,64,0.95,74,0,0,0
"Italian-Grid",68,64,0.95,75,0,0,0
"Italian-Grid",68,64,0.95,76,0,0,0
"Italian-Grid",68,64,0.95,77,0,0,0
"Italian-Grid",68,64,0.95,78,0,0,0
"Italian-Grid",68,64,0.95,79,0,0,0
"Italian-Grid",68,64,0.95,80,0,0,0
"Italian-Grid",68,64,0.95,81,0,0,0
"Italian-Grid",68,64,0.95,82,0,0,0
"Italian-Grid",68,64,0.95,83,0,0,0
"Italian-Grid",68,64,0.95,84,0,0,0
"Italian-Grid",68,64,0.95,85,0,0,0
"Italian-Grid",68,64,0.95,86,0,0,0
"Italian-Grid",68,64,0.95,87,0,0,0
"Italian-Grid",68,64,0.95,88,0,0,0
"Italian-Grid",68,64,0.95,89,0,0,0
"Italian-Grid",68,64,0.95,90,0,0,0
"Italian-Grid",68,64,0.95,91,0,0,0
"Italian-Grid",68,64,0.95,92,0,0,0
"Italian-Grid",68,64,0.95,93,0,0,0
"Italian-Grid",68,64,0.95,94,0,0,0
"Italian-Grid",68,64,0.95,95,0,0,0
"Italian-Grid",68,64,0.95,96,0,0,0
"Italian-Grid",68,64,0.95,97,0,0,0
"Italian-Grid",68,64,0.95,98,0,0,0
"Italian-Grid",68,64,0.95,99,0,0,0
"Italian-Grid",68,64,0.95,100,0,0,0
"Italian-Grid",68,64,0.95,101,0,0,0
"Italian-Grid",68,64,0.95,102,0,0,0
"Italian-Grid",68,64,0.95,103,0,0,0
"Italian-Grid",68,64,0.95,104,0,0,0
"Italian-Grid",68,64,0.95,105,0,0,0
"Italian-Grid",68,64,0.95,106,0,0,0
"Italian-Grid",68,64,0.95,107,0,0,0
"Italian-Grid",68,64,0.95,108,0,0,0
"Italian-Grid",68,64,0.95,109,0,0,0
"Italian-Grid",68,64,0.95,110,0,0,0
"Italian-Grid",68,64,0.95,111,0,0,0
"Italian-Grid",68,64,0.95,112,0,0,0
"Italian-Grid",68,64,0.95,113,0,0,0
"Italian-Grid",68,64,0.95,114,0,0,0
"Italian-Grid",68,64,0.95,115,0,0,0
"Italian-Grid",68,64,0.95,116,0,0,0
"Italian-Grid",68,64,0.95,117,0,0,0
"Italian-Grid",68,64,0.95,118,0,0,0
"Italian-Grid",68,64,0.95,119,0,0,0
"Italian-Grid",68,64,0.95,120,0,0,0
"Italian-Grid",68,64,0.95,121,0,0,0
"Italian-Grid",68,64,0.95,122,0,0,0
"Italian-Grid",68,64,0.95,123,0,0,0
"Italian-Grid",68,64,0.95,124,0,0,0
"Italian-Grid",68,64,0.95,125,0,0,0
"Italian-Grid",68,64,0.95,126,0,0,0
