Network,s,t,p,k,E_dk_mean,E_dk_sd,code
Zachary,34,1,0.05,1,3.865,1.905410794,0
Zachary,34,1,0.05,2,1.28,1.696773267,0
Zachary,34,1,0.05,3,0.2815,0.817062755,0
Zachary,34,1,0.05,4,0.0535,0.347416319,0
Zachary,34,1,0.05,5,0.012,0.175702691,0
Zachary,34,1,0.05,6,0.0035,0.086553427,0
Zachary,34,1,0.05,7,0,0,0
Zachary,34,1,0.05,8,0,0,0
Zachary,34,1,0.05,9,0,0,0
Zachary,34,1,0.05,10,0,0,0
Zachary,34,1,0.05,11,0,0,0
Zachary,34,1,0.05,12,0,0,0
Zachary,34,1,0.05,13,0,0,0
Zachary,34,1,0.05,14,0,0,0
Zachary,34,1,0.05,15,0,0,0
Zachary,34,1,0.05,16,0,0,0
Zachary,34,1,0.05,17,0,0,0
Zachary,34,1,0.05,18,0,0,0
Zachary,34,1,0.05,19,0,0,0
Zachary,34,1,0.05,20,0,0,0
Zachary,34,1,0.05,21,0,0,0
Zachary,34,1,0.05,22,0,0,0
Zachary,34,1,0.05,23,0,0,0
Zachary,34,1,0.05,24,0,0,0
Zachary,34,1,0.05,25,0,0,0
Zachary,34,1,0.05,26,0,0,0
Zachary,34,1,0.05,27,0,0,0
Zachary,34,1,0.05,28,0,0,0
Zachary,34,1,0.05,29,0,0,0
Zachary,34,1,0.05,30,0,0,0
Zachary,34,1,0.05,31,0,0,0
Zachary,34,1,0.05,32,0,0,0
Zachary,34,1,0.05,33,0,0,0
Zachary,34,1,0.2,1,15.669,3.630430968,0
Zachary,34,1,0.2,2,19.908,9.876452205,0
Zachary,34,1,0.2,3,14.234,10.71417943,0
Zachary,34,1,0.2,4,10.2155,10.87281789,0
Zachary,34,1,0.2,5,5.489,7.858164822,0
Zachary,34,1,0.2,6,2.813,5.366416888,0
Zachary,34,1,0.2,7,1.213,3.439119767,0
Zachary,34,1,0.2,8,0.499,2.209624452,0
Zachary,34,1,0.2,9,0.1575,1.085948153,0
Zachary,34,1,0.2,10,0.044,0.461704002,0
Zachary,34,1,0.2,11,0.0105,0.193412653,0
Zachary,34,1,0.2,12,0.002,0.070700065,0
Zachary,34,1,0.2,13,0,0,0
Zachary,34,1,0.2,14,0,0,0
Zachary,34,1,0.2,15,0,0,0
Zachary,34,1,0.2,16,0,0,0
Zachary,34,1,0.2,17,0,0,0
Zachary,34,1,0.2,18,0,0,0
Zachary,34,1,0.2,19,0,0,0
Zachary,34,1,0.2,20,0,0,0
Zachary,34,1,0.2,21,0,0,0
Zachary,34,1,0.2,22,0,0,0
Zachary,34,1,0.2,23,0,0,0
Zachary,34,1,0.2,24,0,0,0
Zachary,34,1,0.2,25,0,0,0
Zachary,34,1,0.2,26,0,0,0
Zachary,34,1,0.2,27,0,0,0
Zachary,34,1,0.2,28,0,0,0
Zachary,34,1,0.2,29,0,0,0
Zachary,34,1,0.2,30,0,0,0
Zachary,34,1,0.2,31,0,0,0
Zachary,34,1,0.2,32,0,0,0
Zachary,34,1,0.2,33,0,0,0
Zachary,34,1,0.4,1,31.2255,4.275955057,0
Zachary,34,1,0.4,2,70.3015,19.23599775,0
Zachary,34,1,0.4,3,68.742,23.29099979,0
Zachary,34,1,0.4,4,61.768,24.03256037,0
Zachary,34,1,0.4,5,36.3435,17.59188008,0
Zachary,34,1,0.4,6,18.627,14.66094617,0
Zachary,34,1,0.4,7,8.0995,10.35829363,0
Zachary,34,1,0.4,8,3.063,6.17074307,0
Zachary,34,1,0.4,9,0.9775,3.00341539,0
Zachary,34,1,0.4,10,0.3,1.579001781,0
Zachary,34,1,0.4,11,0.0945,0.882019688,0
Zachary,34,1,0.4,12,0.032,0.44393078,0
Zachary,34,1,0.4,13,0.01,0.181428934,0
Zachary,34,1,0.4,14,0.0025,0.080603961,0
Zachary,34,1,0.4,15,5.00E-04,0.02236068,0
Zachary,34,1,0.4,16,0,0,0
Zachary,34,1,0.4,17,0,0,0
Zachary,34,1,0.4,18,0,0,0
Zachary,34,1,0.4,19,0,0,0
Zachary,34,1,0.4,20,0,0,0
Zachary,34,1,0.4,21,0,0,0
Zachary,34,1,0.4,22,0,0,0
Zachary,34,1,0.4,23,0,0,0
Zachary,34,1,0.4,24,0,0,0
Zachary,34,1,0.4,25,0,0,0
Zachary,34,1,0.4,26,0,0,0
Zachary,34,1,0.4,27,0,0,0
Zachary,34,1,0.4,28,0,0,0
Zachary,34,1,0.4,29,0,0,0
Zachary,34,1,0.4,30,0,0,0
Zachary,34,1,0.4,31,0,0,0
Zachary,34,1,0.4,32,0,0,0
Zachary,34,1,0.4,33,0,0,0
Zachary,34,1,0.5,1,38.865,4.512089813,0
Zachary,34,1,0.5,2,101.731,22.85112089,0
Zachary,34,1,0.5,3,98.866,24.6531526,0
Zachary,34,1,0.5,4,85.562,23.58341037,0
Zachary,34,1,0.5,5,41.4225,17.61638903,0
Zachary,34,1,0.5,6,16.485,14.07127483,0
Zachary,34,1,0.5,7,5.496,8.750729777,0
Zachary,34,1,0.5,8,1.7075,4.859295229,0
Zachary,34,1,0.5,9,0.5185,2.429528566,0
Zachary,34,1,0.5,10,0.1215,0.813061058,0
Zachary,34,1,0.5,11,0.0285,0.284126933,0
Zachary,34,1,0.5,12,0.0015,0.038710454,0
Zachary,34,1,0.5,13,0,0,0
Zachary,34,1,0.5,14,0,0,0
Zachary,34,1,0.5,15,0,0,0
Zachary,34,1,0.5,16,0,0,0
Zachary,34,1,0.5,17,0,0,0
Zachary,34,1,0.5,18,0,0,0
Zachary,34,1,0.5,19,0,0,0
Zachary,34,1,0.5,20,0,0,0
Zachary,34,1,0.5,21,0,0,0
Zachary,34,1,0.5,22,0,0,0
Zachary,34,1,0.5,23,0,0,0
Zachary,34,1,0.5,24,0,0,0
Zachary,34,1,0.5,25,0,0,0
Zachary,34,1,0.5,26,0,0,0
Zachary,34,1,0.5,27,0,0,0
Zachary,34,1,0.5,28,0,0,0
Zachary,34,1,0.5,29,0,0,0
Zachary,34,1,0.5,30,0,0,0
Zachary,34,1,0.5,31,0,0,0
Zachary,34,1,0.5,32,0,0,0
Zachary,34,1,0.5,33,0,0,0
Erdos-Renyi,30,28,0.05,1,3.865,1.905410794,0
Erdos-Renyi,30,28,0.05,2,0.883,1.260200402,0
Erdos-Renyi,30,28,0.05,3,0.1895,0.614636998,0
Erdos-Renyi,30,28,0.05,4,0.0345,0.230946787,0
Erdos-Renyi,30,28,0.05,5,0.003,0.063190161,0
Erdos-Renyi,30,28,0.05,6,5.00E-04,0.02236068,0
Erdos-Renyi,30,28,0.05,7,0,0,0
Erdos-Renyi,30,28,0.05,8,0,0,0
Erdos-Renyi,30,28,0.05,9,0,0,0
Erdos-Renyi,30,28,0.05,10,0,0,0
Erdos-Renyi,30,28,0.05,11,0,0,0
Erdos-Renyi,30,28,0.05,12,0,0,0
Erdos-Renyi,30,28,0.05,13,0,0,0
Erdos-Renyi,30,28,0.05,14,0,0,0
Erdos-Renyi,30,28,0.05,15,0,0,0
Erdos-Renyi,30,28,0.05,16,0,0,0
Erdos-Renyi,30,28,0.05,17,0,0,0
Erdos-Renyi,30,28,0.05,18,0,0,0
Erdos-Renyi,30,28,0.05,19,0,0,0
Erdos-Renyi,30,28,0.05,20,0,0,0
Erdos-Renyi,30,28,0.05,21,0,0,0
Erdos-Renyi,30,28,0.05,22,0,0,0
Erdos-Renyi,30,28,0.05,23,0,0,0
Erdos-Renyi,30,28,0.05,24,0,0,0
Erdos-Renyi,30,28,0.05,25,0,0,0
Erdos-Renyi,30,28,0.05,26,0,0,0
Erdos-Renyi,30,28,0.05,27,0,0,0
Erdos-Renyi,30,28,0.05,28,0,0,0
Erdos-Renyi,30,28,0.05,29,0,0,0
Erdos-Renyi,30,28,0.05,30,0,0,0
Erdos-Renyi,30,28,0.05,31,0,0,0
Erdos-Renyi,30,28,0.05,32,0,0,0
Erdos-Renyi,30,28,0.05,33,0,0,0
Erdos-Renyi,30,28,0.2,1,15.669,3.630430968,0
Erdos-Renyi,30,28,0.2,2,13.815,6.962974688,0
Erdos-Renyi,30,28,0.2,3,10.8335,8.785976009,0
Erdos-Renyi,30,28,0.2,4,7.308,8.308769694,0
Erdos-Renyi,30,28,0.2,5,4.5085,6.844658679,0
Erdos-Renyi,30,28,0.2,6,2.517,4.906194694,0
Erdos-Renyi,30,28,0.2,7,1.2845,3.367971402,0
Erdos-Renyi,30,28,0.2,8,0.598,2.163038457,0
Erdos-Renyi,30,28,0.2,9,0.246,1.247903294,0
Erdos-Renyi,30,28,0.2,10,0.096,0.737601537,0
Erdos-Renyi,30,28,0.2,11,0.031,0.337781065,0
Erdos-Renyi,30,28,0.2,12,0.012,0.186744308,0
Erdos-Renyi,30,28,0.2,13,0.0035,0.086553427,0
Erdos-Renyi,30,28,0.2,14,5.00E-04,0.02236068,0
Erdos-Renyi,30,28,0.2,15,0,0,0
Erdos-Renyi,30,28,0.2,16,0,0,0
Erdos-Renyi,30,28,0.2,17,0,0,0
Erdos-Renyi,30,28,0.2,18,0,0,0
Erdos-Renyi,30,28,0.2,19,0,0,0
Erdos-Renyi,30,28,0.2,20,0,0,0
Erdos-Renyi,30,28,0.2,21,0,0,0
Erdos-Renyi,30,28,0.2,22,0,0,0
Erdos-Renyi,30,28,0.2,23,0,0,0
Erdos-Renyi,30,28,0.2,24,0,0,0
Erdos-Renyi,30,28,0.2,25,0,0,0
Erdos-Renyi,30,28,0.2,26,0,0,0
Erdos-Renyi,30,28,0.2,27,0,0,0
Erdos-Renyi,30,28,0.2,28,0,0,0
Erdos-Renyi,30,28,0.2,29,0,0,0
Erdos-Renyi,30,28,0.2,30,0,0,0
Erdos-Renyi,30,28,0.2,31,0,0,0
Erdos-Renyi,30,28,0.2,32,0,0,0
Erdos-Renyi,30,28,0.2,33,0,0,0
Erdos-Renyi,30,28,0.4,1,31.2255,4.275955057,0
Erdos-Renyi,30,28,0.4,2,51.1485,14.43754373,0
Erdos-Renyi,30,28,0.4,3,65.89,24.81632174,0
Erdos-Renyi,30,28,0.4,4,63.016,25.43356399,0
Erdos-Renyi,30,28,0.4,5,47.8825,20.32469533,0
Erdos-Renyi,30,28,0.4,6,30.615,15.77114896,0
Erdos-Renyi,30,28,0.4,7,17.3125,12.52055214,0
Erdos-Renyi,30,28,0.4,8,9.122,9.565190141,0
Erdos-Renyi,30,28,0.4,9,4.5,6.72834566,0
Erdos-Renyi,30,28,0.4,10,2.102,4.450336925,0
Erdos-Renyi,30,28,0.4,11,0.936,2.758932738,0
Erdos-Renyi,30,28,0.4,12,0.3915,1.690460463,0
Erdos-Renyi,30,28,0.4,13,0.157,0.96582473,0
Erdos-Renyi,30,28,0.4,14,0.0695,0.607333662,0
Erdos-Renyi,30,28,0.4,15,0.0315,0.38416343,0
Erdos-Renyi,30,28,0.4,16,0.0105,0.210741443,0
Erdos-Renyi,30,28,0.4,17,0.0035,0.097429442,0
Erdos-Renyi,30,28,0.4,18,0.0015,0.049989994,0
Erdos-Renyi,30,28,0.4,19,5.00E-04,0.02236068,0
Erdos-Renyi,30,28,0.4,20,0,0,0
Erdos-Renyi,30,28,0.4,21,0,0,0
Erdos-Renyi,30,28,0.4,22,0,0,0
Erdos-Renyi,30,28,0.4,23,0,0,0
Erdos-Renyi,30,28,0.4,24,0,0,0
Erdos-Renyi,30,28,0.4,25,0,0,0
Erdos-Renyi,30,28,0.4,26,0,0,0
Erdos-Renyi,30,28,0.4,27,0,0,0
Erdos-Renyi,30,28,0.4,28,0,0,0
Erdos-Renyi,30,28,0.4,29,0,0,0
Erdos-Renyi,30,28,0.4,30,0,0,0
Erdos-Renyi,30,28,0.4,31,0,0,0
Erdos-Renyi,30,28,0.4,32,0,0,0
Erdos-Renyi,30,28,0.4,33,0,0,0
Erdos-Renyi,30,28,0.5,1,38.865,4.512089813,0
Erdos-Renyi,30,28,0.5,2,76.9995,17.90901634,0
Erdos-Renyi,30,28,0.5,3,108.32,29.92900721,0
Erdos-Renyi,30,28,0.5,4,97.4775,23.36329205,0
Erdos-Renyi,30,28,0.5,5,62.716,18.10727149,0
Erdos-Renyi,30,28,0.5,6,32.629,16.84340254,0
Erdos-Renyi,30,28,0.5,7,15.031,13.16608187,0
Erdos-Renyi,30,28,0.5,8,6.3325,8.69924032,0
Erdos-Renyi,30,28,0.5,9,2.525,5.39869873,0
Erdos-Renyi,30,28,0.5,10,0.98,3.233083113,0
Erdos-Renyi,30,28,0.5,11,0.3805,1.919260673,0
Erdos-Renyi,30,28,0.5,12,0.1455,1.120248735,0
Erdos-Renyi,30,28,0.5,13,0.057,0.672292339,0
Erdos-Renyi,30,28,0.5,14,0.02,0.36560475,0
Erdos-Renyi,30,28,0.5,15,0.007,0.154799811,0
Erdos-Renyi,30,28,0.5,16,5.00E-04,0.02236068,0
Erdos-Renyi,30,28,0.5,17,0,0,0
Erdos-Renyi,30,28,0.5,18,0,0,0
Erdos-Renyi,30,28,0.5,19,0,0,0
Erdos-Renyi,30,28,0.5,20,0,0,0
Erdos-Renyi,30,28,0.5,21,0,0,0
Erdos-Renyi,30,28,0.5,22,0,0,0
Erdos-Renyi,30,28,0.5,23,0,0,0
Erdos-Renyi,30,28,0.5,24,0,0,0
Erdos-Renyi,30,28,0.5,25,0,0,0
Erdos-Renyi,30,28,0.5,26,0,0,0
Erdos-Renyi,30,28,0.5,27,0,0,0
Erdos-Renyi,30,28,0.5,28,0,0,0
Erdos-Renyi,30,28,0.5,29,0,0,0
Erdos-Renyi,30,28,0.5,30,0,0,0
Erdos-Renyi,30,28,0.5,31,0,0,0
Erdos-Renyi,30,28,0.5,32,0,0,0
Erdos-Renyi,30,28,0.5,33,0,0,0
Barabasi-Albert,4,2,0.05,1,3.214,1.76968073,0
Barabasi-Albert,4,2,0.05,2,0.76,1.219895107,0
Barabasi-Albert,4,2,0.05,3,0.134,0.523623042,0
Barabasi-Albert,4,2,0.05,4,0.025,0.210706428,0
Barabasi-Albert,4,2,0.05,5,0.0035,0.074097876,0
Barabasi-Albert,4,2,0.05,6,0,0,0
Barabasi-Albert,4,2,0.05,7,0,0,0
Barabasi-Albert,4,2,0.05,8,0,0,0
Barabasi-Albert,4,2,0.05,9,0,0,0
Barabasi-Albert,4,2,0.05,10,0,0,0
Barabasi-Albert,4,2,0.05,11,0,0,0
Barabasi-Albert,4,2,0.05,12,0,0,0
Barabasi-Albert,4,2,0.05,13,0,0,0
Barabasi-Albert,4,2,0.05,14,0,0,0
Barabasi-Albert,4,2,0.05,15,0,0,0
Barabasi-Albert,4,2,0.05,16,0,0,0
Barabasi-Albert,4,2,0.05,17,0,0,0
Barabasi-Albert,4,2,0.05,18,0,0,0
Barabasi-Albert,4,2,0.05,19,0,0,0
Barabasi-Albert,4,2,0.05,20,0,0,0
Barabasi-Albert,4,2,0.05,21,0,0,0
Barabasi-Albert,4,2,0.05,22,0,0,0
Barabasi-Albert,4,2,0.05,23,0,0,0
Barabasi-Albert,4,2,0.05,24,0,0,0
Barabasi-Albert,4,2,0.05,25,0,0,0
Barabasi-Albert,4,2,0.05,26,0,0,0
Barabasi-Albert,4,2,0.05,27,0,0,0
Barabasi-Albert,4,2,0.05,28,0,0,0
Barabasi-Albert,4,2,0.05,29,0,0,0
Barabasi-Albert,4,2,0.05,30,0,0,0
Barabasi-Albert,4,2,0.05,31,0,0,0
Barabasi-Albert,4,2,0.05,32,0,0,0
Barabasi-Albert,4,2,0.05,33,0,0,0
Barabasi-Albert,4,2,0.2,1,13.0445,3.306204053,0
Barabasi-Albert,4,2,0.2,2,12.642,7.377808077,0
Barabasi-Albert,4,2,0.2,3,8.5905,8.380687783,0
Barabasi-Albert,4,2,0.2,4,5.294,7.311244159,0
Barabasi-Albert,4,2,0.2,5,2.911,5.424554534,0
Barabasi-Albert,4,2,0.2,6,1.46,3.682007413,0
Barabasi-Albert,4,2,0.2,7,0.5975,1.969627748,0
Barabasi-Albert,4,2,0.2,8,0.2315,1.143486568,0
Barabasi-Albert,4,2,0.2,9,0.073,0.599875758,0
Barabasi-Albert,4,2,0.2,10,0.0225,0.350792357,0
Barabasi-Albert,4,2,0.2,11,0.007,0.186998621,0
Barabasi-Albert,4,2,0.2,12,0.0015,0.049989994,0
Barabasi-Albert,4,2,0.2,13,0,0,0
Barabasi-Albert,4,2,0.2,14,0,0,0
Barabasi-Albert,4,2,0.2,15,0,0,0
Barabasi-Albert,4,2,0.2,16,0,0,0
Barabasi-Albert,4,2,0.2,17,0,0,0
Barabasi-Albert,4,2,0.2,18,0,0,0
Barabasi-Albert,4,2,0.2,19,0,0,0
Barabasi-Albert,4,2,0.2,20,0,0,0
Barabasi-Albert,4,2,0.2,21,0,0,0
Barabasi-Albert,4,2,0.2,22,0,0,0
Barabasi-Albert,4,2,0.2,23,0,0,0
Barabasi-Albert,4,2,0.2,24,0,0,0
Barabasi-Albert,4,2,0.2,25,0,0,0
Barabasi-Albert,4,2,0.2,26,0,0,0
Barabasi-Albert,4,2,0.2,27,0,0,0
Barabasi-Albert,4,2,0.2,28,0,0,0
Barabasi-Albert,4,2,0.2,29,0,0,0
Barabasi-Albert,4,2,0.2,30,0,0,0
Barabasi-Albert,4,2,0.2,31,0,0,0
Barabasi-Albert,4,2,0.2,32,0,0,0
Barabasi-Albert,4,2,0.2,33,0,0,0
Barabasi-Albert,4,2,0.4,1,25.986,3.885402447,0
Barabasi-Albert,4,2,0.4,2,47.2195,14.97920252,0
Barabasi-Albert,4,2,0.4,3,53.252,23.20454096,0
Barabasi-Albert,4,2,0.4,4,46.3205,22.93145668,0
Barabasi-Albert,4,2,0.4,5,30.6275,17.26284295,0
Barabasi-Albert,4,2,0.4,6,16.984,12.91825006,0
Barabasi-Albert,4,2,0.4,7,8.1845,9.332470587,0
Barabasi-Albert,4,2,0.4,8,3.653,6.216744724,0
Barabasi-Albert,4,2,0.4,9,1.5205,3.839133916,0
Barabasi-Albert,4,2,0.4,10,0.539,2.114406384,0
Barabasi-Albert,4,2,0.4,11,0.1845,1.179048272,0
Barabasi-Albert,4,2,0.4,12,0.0515,0.585678461,0
Barabasi-Albert,4,2,0.4,13,0.018,0.320511098,0
Barabasi-Albert,4,2,0.4,14,0.004,0.08359123,0
Barabasi-Albert,4,2,0.4,15,0,0,0
Barabasi-Albert,4,2,0.4,16,0,0,0
Barabasi-Albert,4,2,0.4,17,0,0,0
Barabasi-Albert,4,2,0.4,18,0,0,0
Barabasi-Albert,4,2,0.4,19,0,0,0
Barabasi-Albert,4,2,0.4,20,0,0,0
Barabasi-Albert,4,2,0.4,21,0,0,0
Barabasi-Albert,4,2,0.4,22,0,0,0
Barabasi-Albert,4,2,0.4,23,0,0,0
Barabasi-Albert,4,2,0.4,24,0,0,0
Barabasi-Albert,4,2,0.4,25,0,0,0
Barabasi-Albert,4,2,0.4,26,0,0,0
Barabasi-Albert,4,2,0.4,27,0,0,0
Barabasi-Albert,4,2,0.4,28,0,0,0
Barabasi-Albert,4,2,0.4,29,0,0,0
Barabasi-Albert,4,2,0.4,30,0,0,0
Barabasi-Albert,4,2,0.4,31,0,0,0
Barabasi-Albert,4,2,0.4,32,0,0,0
Barabasi-Albert,4,2,0.4,33,0,0,0
Barabasi-Albert,4,2,0.5,1,32.4395,4.207872722,0
Barabasi-Albert,4,2,0.5,2,71.113,18.52406007,0
Barabasi-Albert,4,2,0.5,3,89.6065,28.96416958,0
Barabasi-Albert,4,2,0.5,4,76.571,24.07888817,0
Barabasi-Albert,4,2,0.5,5,44.9465,18.09434554,0
Barabasi-Albert,4,2,0.5,6,21.387,14.89406417,0
Barabasi-Albert,4,2,0.5,7,9.194,10.876466,0
Barabasi-Albert,4,2,0.5,8,3.697,7.01197368,0
Barabasi-Albert,4,2,0.5,9,1.4465,4.17850065,0
Barabasi-Albert,4,2,0.5,10,0.516,2.315475051,0
Barabasi-Albert,4,2,0.5,11,0.1595,1.083811364,0
Barabasi-Albert,4,2,0.5,12,0.0355,0.386412224,0
Barabasi-Albert,4,2,0.5,13,0.005,0.109457711,0
Barabasi-Albert,4,2,0.5,14,5.00E-04,0.02236068,0
Barabasi-Albert,4,2,0.5,15,0,0,0
Barabasi-Albert,4,2,0.5,16,0,0,0
Barabasi-Albert,4,2,0.5,17,0,0,0
Barabasi-Albert,4,2,0.5,18,0,0,0
Barabasi-Albert,4,2,0.5,19,0,0,0
Barabasi-Albert,4,2,0.5,20,0,0,0
Barabasi-Albert,4,2,0.5,21,0,0,0
Barabasi-Albert,4,2,0.5,22,0,0,0
Barabasi-Albert,4,2,0.5,23,0,0,0
Barabasi-Albert,4,2,0.5,24,0,0,0
Barabasi-Albert,4,2,0.5,25,0,0,0
Barabasi-Albert,4,2,0.5,26,0,0,0
Barabasi-Albert,4,2,0.5,27,0,0,0
Barabasi-Albert,4,2,0.5,28,0,0,0
Barabasi-Albert,4,2,0.5,29,0,0,0
Barabasi-Albert,4,2,0.5,30,0,0,0
Barabasi-Albert,4,2,0.5,31,0,0,0
Barabasi-Albert,4,2,0.5,32,0,0,0
Barabasi-Albert,4,2,0.5,33,0,0,0
Watts-Strogatz,2,17,0.05,1,3.358,1.79400257,0
Watts-Strogatz,2,17,0.05,2,0.5115,0.866165614,0
Watts-Strogatz,2,17,0.05,3,0.0695,0.314195973,0
Watts-Strogatz,2,17,0.05,4,0.0085,0.10692739,0
Watts-Strogatz,2,17,0.05,5,0.0015,0.038710454,0
Watts-Strogatz,2,17,0.05,6,0,0,0
Watts-Strogatz,2,17,0.05,7,0,0,0
Watts-Strogatz,2,17,0.05,8,0,0,0
Watts-Strogatz,2,17,0.05,9,0,0,0
Watts-Strogatz,2,17,0.05,10,0,0,0
Watts-Strogatz,2,17,0.05,11,0,0,0
Watts-Strogatz,2,17,0.05,12,0,0,0
Watts-Strogatz,2,17,0.05,13,0,0,0
Watts-Strogatz,2,17,0.05,14,0,0,0
Watts-Strogatz,2,17,0.05,15,0,0,0
Watts-Strogatz,2,17,0.05,16,0,0,0
Watts-Strogatz,2,17,0.05,17,0,0,0
Watts-Strogatz,2,17,0.05,18,0,0,0
Watts-Strogatz,2,17,0.05,19,0,0,0
Watts-Strogatz,2,17,0.05,20,0,0,0
Watts-Strogatz,2,17,0.05,21,0,0,0
Watts-Strogatz,2,17,0.05,22,0,0,0
Watts-Strogatz,2,17,0.05,23,0,0,0
Watts-Strogatz,2,17,0.05,24,0,0,0
Watts-Strogatz,2,17,0.05,25,0,0,0
Watts-Strogatz,2,17,0.05,26,0,0,0
Watts-Strogatz,2,17,0.05,27,0,0,0
Watts-Strogatz,2,17,0.05,28,0,0,0
Watts-Strogatz,2,17,0.05,29,0,0,0
Watts-Strogatz,2,17,0.05,30,0,0,0
Watts-Strogatz,2,17,0.05,31,0,0,0
Watts-Strogatz,2,17,0.05,32,0,0,0
Watts-Strogatz,2,17,0.05,33,0,0,0
Watts-Strogatz,2,17,0.2,1,13.653,3.374801571,0
Watts-Strogatz,2,17,0.2,2,7.6335,4.134697766,0
Watts-Strogatz,2,17,0.2,3,3.7495,3.594608512,0
Watts-Strogatz,2,17,0.2,4,1.8145,2.88049273,0
Watts-Strogatz,2,17,0.2,5,0.882,2.113837779,0
Watts-Strogatz,2,17,0.2,6,0.4135,1.459308926,0
Watts-Strogatz,2,17,0.2,7,0.184,0.976535105,0
Watts-Strogatz,2,17,0.2,8,0.0855,0.693130554,0
Watts-Strogatz,2,17,0.2,9,0.0395,0.45170983,0
Watts-Strogatz,2,17,0.2,10,0.0205,0.313255191,0
Watts-Strogatz,2,17,0.2,11,0.0095,0.224577308,0
Watts-Strogatz,2,17,0.2,12,0.0035,0.102435328,0
Watts-Strogatz,2,17,0.2,13,5.00E-04,0.02236068,0
Watts-Strogatz,2,17,0.2,14,0,0,0
Watts-Strogatz,2,17,0.2,15,0,0,0
Watts-Strogatz,2,17,0.2,16,0,0,0
Watts-Strogatz,2,17,0.2,17,0,0,0
Watts-Strogatz,2,17,0.2,18,0,0,0
Watts-Strogatz,2,17,0.2,19,0,0,0
Watts-Strogatz,2,17,0.2,20,0,0,0
Watts-Strogatz,2,17,0.2,21,0,0,0
Watts-Strogatz,2,17,0.2,22,0,0,0
Watts-Strogatz,2,17,0.2,23,0,0,0
Watts-Strogatz,2,17,0.2,24,0,0,0
Watts-Strogatz,2,17,0.2,25,0,0,0
Watts-Strogatz,2,17,0.2,26,0,0,0
Watts-Strogatz,2,17,0.2,27,0,0,0
Watts-Strogatz,2,17,0.2,28,0,0,0
Watts-Strogatz,2,17,0.2,29,0,0,0
Watts-Strogatz,2,17,0.2,30,0,0,0
Watts-Strogatz,2,17,0.2,31,0,0,0
Watts-Strogatz,2,17,0.2,32,0,0,0
Watts-Strogatz,2,17,0.2,33,0,0,0
Watts-Strogatz,2,17,0.4,1,27.237,3.99008664,0
Watts-Strogatz,2,17,0.4,2,27.432,7.96335881,0
Watts-Strogatz,2,17,0.4,3,24.2125,11.00126619,0
Watts-Strogatz,2,17,0.4,4,20.8555,13.17028276,0
Watts-Strogatz,2,17,0.4,5,17.229,13.79596765,0
Watts-Strogatz,2,17,0.4,6,13.524,13.11500765,0
Watts-Strogatz,2,17,0.4,7,10.1325,11.56723148,0
Watts-Strogatz,2,17,0.4,8,7.305,9.73757594,0
Watts-Strogatz,2,17,0.4,9,5.0495,7.931361989,0
Watts-Strogatz,2,17,0.4,10,3.4135,6.358359231,0
Watts-Strogatz,2,17,0.4,11,2.1995,4.898642475,0
Watts-Strogatz,2,17,0.4,12,1.366,3.689559652,0
Watts-Strogatz,2,17,0.4,13,0.7745,2.635739614,0
Watts-Strogatz,2,17,0.4,14,0.435,1.875242189,0
Watts-Strogatz,2,17,0.4,15,0.2395,1.264491684,0
Watts-Strogatz,2,17,0.4,16,0.119,0.810658734,0
Watts-Strogatz,2,17,0.4,17,0.0535,0.488627802,0
Watts-Strogatz,2,17,0.4,18,0.019,0.265846454,0
Watts-Strogatz,2,17,0.4,19,0.0055,0.124408556,0
Watts-Strogatz,2,17,0.4,20,0.0025,0.074138372,0
Watts-Strogatz,2,17,0.4,21,5.00E-04,0.02236068,0
Watts-Strogatz,2,17,0.4,22,0,0,0
Watts-Strogatz,2,17,0.4,23,0,0,0
Watts-Strogatz,2,17,0.4,24,0,0,0
Watts-Strogatz,2,17,0.4,25,0,0,0
Watts-Strogatz,2,17,0.4,26,0,0,0
Watts-Strogatz,2,17,0.4,27,0,0,0
Watts-Strogatz,2,17,0.4,28,0,0,0
Watts-Strogatz,2,17,0.4,29,0,0,0
Watts-Strogatz,2,17,0.4,30,0,0,0
Watts-Strogatz,2,17,0.4,31,0,0,0
Watts-Strogatz,2,17,0.4,32,0,0,0
Watts-Strogatz,2,17,0.4,33,0,0,0
Watts-Strogatz,2,17,0.5,1,33.8675,4.11830353,0
Watts-Strogatz,2,17,0.5,2,39.6045,9.178246012,0
Watts-Strogatz,2,17,0.5,3,40.3945,14.55605747,0
Watts-Strogatz,2,17,0.5,4,39.824,19.12092647,0
Watts-Strogatz,2,17,0.5,5,36.7795,21.07773743,0
Watts-Strogatz,2,17,0.5,6,31.029,20.03544031,0
Watts-Strogatz,2,17,0.5,7,24.493,17.6630672,0
Watts-Strogatz,2,17,0.5,8,18.3195,14.82104083,0
Watts-Strogatz,2,17,0.5,9,12.983,12.13615895,0
Watts-Strogatz,2,17,0.5,10,8.8285,9.980525697,0
Watts-Strogatz,2,17,0.5,11,5.7875,7.962351617,0
Watts-Strogatz,2,17,0.5,12,3.5795,6.134614617,0
Watts-Strogatz,2,17,0.5,13,2.1565,4.584377385,0
Watts-Strogatz,2,17,0.5,14,1.265,3.396990546,0
Watts-Strogatz,2,17,0.5,15,0.7255,2.4706683,0
Watts-Strogatz,2,17,0.5,16,0.404,1.758217752,0
Watts-Strogatz,2,17,0.5,17,0.215,1.223324675,0
Watts-Strogatz,2,17,0.5,18,0.1075,0.779260787,0
Watts-Strogatz,2,17,0.5,19,0.0535,0.527045196,0
Watts-Strogatz,2,17,0.5,20,0.0225,0.328706212,0
Watts-Strogatz,2,17,0.5,21,0.0085,0.185593568,0
Watts-Strogatz,2,17,0.5,22,0.0025,0.080603961,0
Watts-Strogatz,2,17,0.5,23,5.00E-04,0.02236068,0
Watts-Strogatz,2,17,0.5,24,0,0,0
Watts-Strogatz,2,17,0.5,25,0,0,0
Watts-Strogatz,2,17,0.5,26,0,0,0
Watts-Strogatz,2,17,0.5,27,0,0,0
Watts-Strogatz,2,17,0.5,28,0,0,0
Watts-Strogatz,2,17,0.5,29,0,0,0
Watts-Strogatz,2,17,0.5,30,0,0,0
Watts-Strogatz,2,17,0.5,31,0,0,0
Watts-Strogatz,2,17,0.5,32,0,0,0
Watts-Strogatz,2,17,0.5,33,0,0,0
IEEE-14-Bus,4,2,0.05,1,0.981,0.968043157,0
IEEE-14-Bus,4,2,0.05,2,0.111,0.393390872,0
IEEE-14-Bus,4,2,0.05,3,0.0095,0.106843145,0
IEEE-14-Bus,4,2,0.05,4,5.00E-04,0.02236068,0
IEEE-14-Bus,4,2,0.05,5,0,0,0
IEEE-14-Bus,4,2,0.05,6,0,0,0
IEEE-14-Bus,4,2,0.05,7,0,0,0
IEEE-14-Bus,4,2,0.05,8,0,0,0
IEEE-14-Bus,4,2,0.05,9,0,0,0
IEEE-14-Bus,4,2,0.05,10,0,0,0
IEEE-14-Bus,4,2,0.05,11,0,0,0
IEEE-14-Bus,4,2,0.05,12,0,0,0
IEEE-14-Bus,4,2,0.05,13,0,0,0
IEEE-14-Bus,4,2,0.2,1,4.026,1.785474155,0
IEEE-14-Bus,4,2,0.2,2,1.7315,1.860144569,0
IEEE-14-Bus,4,2,0.2,3,0.63,1.271970501,0
IEEE-14-Bus,4,2,0.2,4,0.1955,0.734540349,0
IEEE-14-Bus,4,2,0.2,5,0.053,0.370485667,0
IEEE-14-Bus,4,2,0.2,6,0.0145,0.174083033,0
IEEE-14-Bus,4,2,0.2,7,0.0025,0.059122735,0
IEEE-14-Bus,4,2,0.2,8,0,0,0
IEEE-14-Bus,4,2,0.2,9,0,0,0
IEEE-14-Bus,4,2,0.2,10,0,0,0
IEEE-14-Bus,4,2,0.2,11,0,0,0
IEEE-14-Bus,4,2,0.2,12,0,0,0
IEEE-14-Bus,4,2,0.2,13,0,0,0
IEEE-14-Bus,4,2,0.4,1,8.012,2.245523812,0
IEEE-14-Bus,4,2,0.4,2,6.372,3.734111379,0
IEEE-14-Bus,4,2,0.4,3,4.244,4.027228984,0
IEEE-14-Bus,4,2,0.4,4,2.3215,3.112713003,0
IEEE-14-Bus,4,2,0.4,5,1.0945,2.032642509,0
IEEE-14-Bus,4,2,0.4,6,0.446,1.240908509,0
IEEE-14-Bus,4,2,0.4,7,0.161,0.721345389,0
IEEE-14-Bus,4,2,0.4,8,0.048,0.367101323,0
IEEE-14-Bus,4,2,0.4,9,0.016,0.178213018,0
IEEE-14-Bus,4,2,0.4,10,0.002,0.054749418,0
IEEE-14-Bus,4,2,0.4,11,0,0,0
IEEE-14-Bus,4,2,0.4,12,0,0,0
IEEE-14-Bus,4,2,0.4,13,0,0,0
IEEE-14-Bus,4,2,0.5,1,9.968,2.229453124,0
IEEE-14-Bus,4,2,0.5,2,9.369,4.253102802,0
IEEE-14-Bus,4,2,0.5,3,7.314,5.23126056,0
IEEE-14-Bus,4,2,0.5,4,4.6455,4.394597364,0
IEEE-14-Bus,4,2,0.5,5,2.4755,3.150930645,0
IEEE-14-Bus,4,2,0.5,6,1.139,2.086829276,0
IEEE-14-Bus,4,2,0.5,7,0.4765,1.263822129,0
IEEE-14-Bus,4,2,0.5,8,0.1575,0.636314543,0
IEEE-14-Bus,4,2,0.5,9,0.038,0.295972634,0
IEEE-14-Bus,4,2,0.5,10,0.0065,0.091989026,0
IEEE-14-Bus,4,2,0.5,11,0,0,0
IEEE-14-Bus,4,2,0.5,12,0,0,0
IEEE-14-Bus,4,2,0.5,13,0,0,0
IEEE-118-Bus,49,100,0.05,1,8.915,2.891877673,0
IEEE-118-Bus,49,100,0.05,2,1.2605,1.381880801,0
IEEE-118-Bus,49,100,0.05,3,0.159,0.483565836,0
IEEE-118-Bus,49,100,0.05,4,0.014,0.14076188,0
IEEE-118-Bus,49,100,0.05,5,0.0015,0.038710454,0
IEEE-118-Bus,49,100,0.05,6,0,0,0
IEEE-118-Bus,49,100,0.05,7,0,0,0
IEEE-118-Bus,49,100,0.05,8,0,0,0
IEEE-118-Bus,49,100,0.05,9,0,0,0
IEEE-118-Bus,49,100,0.05,10,0,0,0
IEEE-118-Bus,49,100,0.05,11,0,0,0
IEEE-118-Bus,49,100,0.05,12,0,0,0
IEEE-118-Bus,49,100,0.05,13,0,0,0
IEEE-118-Bus,49,100,0.05,14,0,0,0
IEEE-118-Bus,49,100,0.05,15,0,0,0
IEEE-118-Bus,49,100,0.05,16,0,0,0
IEEE-118-Bus,49,100,0.05,17,0,0,0
IEEE-118-Bus,49,100,0.05,18,0,0,0
IEEE-118-Bus,49,100,0.05,19,0,0,0
IEEE-118-Bus,49,100,0.05,20,0,0,0
IEEE-118-Bus,49,100,0.05,21,0,0,0
IEEE-118-Bus,49,100,0.05,22,0,0,0
IEEE-118-Bus,49,100,0.05,23,0,0,0
IEEE-118-Bus,49,100,0.05,24,0,0,0
IEEE-118-Bus,49,100,0.05,25,0,0,0
IEEE-118-Bus,49,100,0.05,26,0,0,0
IEEE-118-Bus,49,100,0.05,27,0,0,0
IEEE-118-Bus,49,100,0.05,28,0,0,0
IEEE-118-Bus,49,100,0.05,29,0,0,0
IEEE-118-Bus,49,100,0.05,30,0,0,0
IEEE-118-Bus,49,100,0.05,31,0,0,0
IEEE-118-Bus,49,100,0.05,32,0,0,0
IEEE-118-Bus,49,100,0.05,33,0,0,0
IEEE-118-Bus,49,100,0.05,34,0,0,0
IEEE-118-Bus,49,100,0.05,35,0,0,0
IEEE-118-Bus,49,100,0.05,36,0,0,0
IEEE-118-Bus,49,100,0.05,37,0,0,0
IEEE-118-Bus,49,100,0.05,38,0,0,0
IEEE-118-Bus,49,100,0.05,39,0,0,0
IEEE-118-Bus,49,100,0.05,40,0,0,0
IEEE-118-Bus,49,100,0.05,41,0,0,0
IEEE-118-Bus,49,100,0.05,42,0,0,0
IEEE-118-Bus,49,100,0.05,43,0,0,0
IEEE-118-Bus,49,100,0.05,44,0,0,0
IEEE-118-Bus,49,100,0.05,45,0,0,0
IEEE-118-Bus,49,100,0.05,46,0,0,0
IEEE-118-Bus,49,100,0.05,47,0,0,0
IEEE-118-Bus,49,100,0.05,48,0,0,0
IEEE-118-Bus,49,100,0.05,49,0,0,0
IEEE-118-Bus,49,100,0.05,50,0,0,0
IEEE-118-Bus,49,100,0.05,51,0,0,0
IEEE-118-Bus,49,100,0.05,52,0,0,0
IEEE-118-Bus,49,100,0.05,53,0,0,0
IEEE-118-Bus,49,100,0.05,54,0,0,0
IEEE-118-Bus,49,100,0.05,55,0,0,0
IEEE-118-Bus,49,100,0.05,56,0,0,0
IEEE-118-Bus,49,100,0.05,57,0,0,0
IEEE-118-Bus,49,100,0.05,58,0,0,0
IEEE-118-Bus,49,100,0.05,59,0,0,0
IEEE-118-Bus,49,100,0.05,60,0,0,0
IEEE-118-Bus,49,100,0.05,61,0,0,0
IEEE-118-Bus,49,100,0.05,62,0,0,0
IEEE-118-Bus,49,100,0.05,63,0,0,0
IEEE-118-Bus,49,100,0.05,64,0,0,0
IEEE-118-Bus,49,100,0.05,65,0,0,0
IEEE-118-Bus,49,100,0.05,66,0,0,0
IEEE-118-Bus,49,100,0.05,67,0,0,0
IEEE-118-Bus,49,100,0.05,68,0,0,0
IEEE-118-Bus,49,100,0.05,69,0,0,0
IEEE-118-Bus,49,100,0.05,70,0,0,0
IEEE-118-Bus,49,100,0.05,71,0,0,0
IEEE-118-Bus,49,100,0.05,72,0,0,0
IEEE-118-Bus,49,100,0.05,73,0,0,0
IEEE-118-Bus,49,100,0.05,74,0,0,0
IEEE-118-Bus,49,100,0.05,75,0,0,0
IEEE-118-Bus,49,100,0.05,76,0,0,0
IEEE-118-Bus,49,100,0.05,77,0,0,0
IEEE-118-Bus,49,100,0.05,78,0,0,0
IEEE-118-Bus,49,100,0.05,79,0,0,0
IEEE-118-Bus,49,100,0.05,80,0,0,0
IEEE-118-Bus,49,100,0.05,81,0,0,0
IEEE-118-Bus,49,100,0.05,82,0,0,0
IEEE-118-Bus,49,100,0.05,83,0,0,0
IEEE-118-Bus,49,100,0.05,84,0,0,0
IEEE-118-Bus,49,100,0.05,85,0,0,0
IEEE-118-Bus,49,100,0.05,86,0,0,0
IEEE-118-Bus,49,100,0.05,87,0,0,0
IEEE-118-Bus,49,100,0.05,88,0,0,0
IEEE-118-Bus,49,100,0.05,89,0,0,0
IEEE-118-Bus,49,100,0.05,90,0,0,0
IEEE-118-Bus,49,100,0.05,91,0,0,0
IEEE-118-Bus,49,100,0.05,92,0,0,0
IEEE-118-Bus,49,100,0.05,93,0,0,0
IEEE-118-Bus,49,100,0.05,94,0,0,0
IEEE-118-Bus,49,100,0.05,95,0,0,0
IEEE-118-Bus,49,100,0.05,96,0,0,0
IEEE-118-Bus,49,100,0.05,97,0,0,0
IEEE-118-Bus,49,100,0.05,98,0,0,0
IEEE-118-Bus,49,100,0.05,99,0,0,0
IEEE-118-Bus,49,100,0.05,100,0,0,0
IEEE-118-Bus,49,100,0.05,101,0,0,0
IEEE-118-Bus,49,100,0.05,102,0,0,0
IEEE-118-Bus,49,100,0.05,103,0,0,0
IEEE-118-Bus,49,100,0.05,104,0,0,0
IEEE-118-Bus,49,100,0.05,105,0,0,0
IEEE-118-Bus,49,100,0.05,106,0,0,0
IEEE-118-Bus,49,100,0.05,107,0,0,0
IEEE-118-Bus,49,100,0.05,108,0,0,0
IEEE-118-Bus,49,100,0.05,109,0,0,0
IEEE-118-Bus,49,100,0.05,110,0,0,0
IEEE-118-Bus,49,100,0.05,111,0,0,0
IEEE-118-Bus,49,100,0.05,112,0,0,0
IEEE-118-Bus,49,100,0.05,113,0,0,0
IEEE-118-Bus,49,100,0.05,114,0,0,0
IEEE-118-Bus,49,100,0.05,115,0,0,0
IEEE-118-Bus,49,100,0.05,116,0,0,0
IEEE-118-Bus,49,100,0.05,117,0,0,0
IEEE-118-Bus,49,100,0.2,1,35.5645,5.461204274,0
IEEE-118-Bus,49,100,0.2,2,19.249,7.248328644,0
IEEE-118-Bus,49,100,0.2,3,8.9585,6.222952701,0
IEEE-118-Bus,49,100,0.2,4,3.899,4.620765601,0
IEEE-118-Bus,49,100,0.2,5,1.63,3.084454073,0
IEEE-118-Bus,49,100,0.2,6,0.654,1.985763236,0
IEEE-118-Bus,49,100,0.2,7,0.2575,1.211167707,0
IEEE-118-Bus,49,100,0.2,8,0.0935,0.667817895,0
IEEE-118-Bus,49,100,0.2,9,0.0305,0.30268062,0
IEEE-118-Bus,49,100,0.2,10,0.0095,0.168594075,0
IEEE-118-Bus,49,100,0.2,11,0.001,0.04472136,0
IEEE-118-Bus,49,100,0.2,12,5.00E-04,0.02236068,0
IEEE-118-Bus,49,100,0.2,13,0,0,0
IEEE-118-Bus,49,100,0.2,14,0,0,0
IEEE-118-Bus,49,100,0.2,15,0,0,0
IEEE-118-Bus,49,100,0.2,16,0,0,0
IEEE-118-Bus,49,100,0.2,17,0,0,0
IEEE-118-Bus,49,100,0.2,18,0,0,0
IEEE-118-Bus,49,100,0.2,19,0,0,0
IEEE-118-Bus,49,100,0.2,20,0,0,0
IEEE-118-Bus,49,100,0.2,21,0,0,0
IEEE-118-Bus,49,100,0.2,22,0,0,0
IEEE-118-Bus,49,100,0.2,23,0,0,0
IEEE-118-Bus,49,100,0.2,24,0,0,0
IEEE-118-Bus,49,100,0.2,25,0,0,0
IEEE-118-Bus,49,100,0.2,26,0,0,0
IEEE-118-Bus,49,100,0.2,27,0,0,0
IEEE-118-Bus,49,100,0.2,28,0,0,0
IEEE-118-Bus,49,100,0.2,29,0,0,0
IEEE-118-Bus,49,100,0.2,30,0,0,0
IEEE-118-Bus,49,100,0.2,31,0,0,0
IEEE-118-Bus,49,100,0.2,32,0,0,0
IEEE-118-Bus,49,100,0.2,33,0,0,0
IEEE-118-Bus,49,100,0.2,34,0,0,0
IEEE-118-Bus,49,100,0.2,35,0,0,0
IEEE-118-Bus,49,100,0.2,36,0,0,0
IEEE-118-Bus,49,100,0.2,37,0,0,0
IEEE-118-Bus,49,100,0.2,38,0,0,0
IEEE-118-Bus,49,100,0.2,39,0,0,0
IEEE-118-Bus,49,100,0.2,40,0,0,0
IEEE-118-Bus,49,100,0.2,41,0,0,0
IEEE-118-Bus,49,100,0.2,42,0,0,0
IEEE-118-Bus,49,100,0.2,43,0,0,0
IEEE-118-Bus,49,100,0.2,44,0,0,0
IEEE-118-Bus,49,100,0.2,45,0,0,0
IEEE-118-Bus,49,100,0.2,46,0,0,0
IEEE-118-Bus,49,100,0.2,47,0,0,0
IEEE-118-Bus,49,100,0.2,48,0,0,0
IEEE-118-Bus,49,100,0.2,49,0,0,0
IEEE-118-Bus,49,100,0.2,50,0,0,0
IEEE-118-Bus,49,100,0.2,51,0,0,0
IEEE-118-Bus,49,100,0.2,52,0,0,0
IEEE-118-Bus,49,100,0.2,53,0,0,0
IEEE-118-Bus,49,100,0.2,54,0,0,0
IEEE-118-Bus,49,100,0.2,55,0,0,0
IEEE-118-Bus,49,100,0.2,56,0,0,0
IEEE-118-Bus,49,100,0.2,57,0,0,0
IEEE-118-Bus,49,100,0.2,58,0,0,0
IEEE-118-Bus,49,100,0.2,59,0,0,0
IEEE-118-Bus,49,100,0.2,60,0,0,0
IEEE-118-Bus,49,100,0.2,61,0,0,0
IEEE-118-Bus,49,100,0.2,62,0,0,0
IEEE-118-Bus,49,100,0.2,63,0,0,0
IEEE-118-Bus,49,100,0.2,64,0,0,0
IEEE-118-Bus,49,100,0.2,65,0,0,0
IEEE-118-Bus,49,100,0.2,66,0,0,0
IEEE-118-Bus,49,100,0.2,67,0,0,0
IEEE-118-Bus,49,100,0.2,68,0,0,0
IEEE-118-Bus,49,100,0.2,69,0,0,0
IEEE-118-Bus,49,100,0.2,70,0,0,0
IEEE-118-Bus,49,100,0.2,71,0,0,0
IEEE-118-Bus,49,100,0.2,72,0,0,0
IEEE-118-Bus,49,100,0.2,73,0,0,0
IEEE-118-Bus,49,100,0.2,74,0,0,0
IEEE-118-Bus,49,100,0.2,75,0,0,0
IEEE-118-Bus,49,100,0.2,76,0,0,0
IEEE-118-Bus,49,100,0.2,77,0,0,0
IEEE-118-Bus,49,100,0.2,78,0,0,0
IEEE-118-Bus,49,100,0.2,79,0,0,0
IEEE-118-Bus,49,100,0.2,80,0,0,0
IEEE-118-Bus,49,100,0.2,81,0,0,0
IEEE-118-Bus,49,100,0.2,82,0,0,0
IEEE-118-Bus,49,100,0.2,83,0,0,0
IEEE-118-Bus,49,100,0.2,84,0,0,0
IEEE-118-Bus,49,100,0.2,85,0,0,0
IEEE-118-Bus,49,100,0.2,86,0,0,0
IEEE-118-Bus,49,100,0.2,87,0,0,0
IEEE-118-Bus,49,100,0.2,88,0,0,0
IEEE-118-Bus,49,100,0.2,89,0,0,0
IEEE-118-Bus,49,100,0.2,90,0,0,0
IEEE-118-Bus,49,100,0.2,91,0,0,0
IEEE-118-Bus,49,100,0.2,92,0,0,0
IEEE-118-Bus,49,100,0.2,93,0,0,0
IEEE-118-Bus,49,100,0.2,94,0,0,0
IEEE-118-Bus,49,100,0.2,95,0,0,0
IEEE-118-Bus,49,100,0.2,96,0,0,0
IEEE-118-Bus,49,100,0.2,97,0,0,0
IEEE-118-Bus,49,100,0.2,98,0,0,0
IEEE-118-Bus,49,100,0.2,99,0,0,0
IEEE-118-Bus,49,100,0.2,100,0,0,0
IEEE-118-Bus,49,100,0.2,101,0,0,0
IEEE-118-Bus,49,100,0.2,102,0,0,0
IEEE-118-Bus,49,100,0.2,103,0,0,0
IEEE-118-Bus,49,100,0.2,104,0,0,0
IEEE-118-Bus,49,100,0.2,105,0,0,0
IEEE-118-Bus,49,100,0.2,106,0,0,0
IEEE-118-Bus,49,100,0.2,107,0,0,0
IEEE-118-Bus,49,100,0.2,108,0,0,0
IEEE-118-Bus,49,100,0.2,109,0,0,0
IEEE-118-Bus,49,100,0.2,110,0,0,0
IEEE-118-Bus,49,100,0.2,111,0,0,0
IEEE-118-Bus,49,100,0.2,112,0,0,0
IEEE-118-Bus,49,100,0.2,113,0,0,0
IEEE-118-Bus,49,100,0.2,114,0,0,0
IEEE-118-Bus,49,100,0.2,115,0,0,0
IEEE-118-Bus,49,100,0.2,116,0,0,0
IEEE-118-Bus,49,100,0.2,117,0,0,0
IEEE-118-Bus,49,100,0.4,1,71.506,6.635735113,0
IEEE-118-Bus,49,100,0.4,2,75.512,15.39465341,0
IEEE-118-Bus,49,100,0.4,3,67.891,22.67587301,0
IEEE-118-Bus,49,100,0.4,4,56.19,26.7980777,0
IEEE-118-Bus,49,100,0.4,5,44.0745,27.81040559,0
IEEE-118-Bus,49,100,0.4,6,32.8405,26.81474548,0
IEEE-118-Bus,49,100,0.4,7,24.0265,24.8074082,0
IEEE-118-Bus,49,100,0.4,8,17.303,22.64286953,0
IEEE-118-Bus,49,100,0.4,9,12.24,20.18878881,0
IEEE-118-Bus,49,100,0.4,10,8.5355,17.57552814,0
IEEE-118-Bus,49,100,0.4,11,5.889,15.08785938,0
IEEE-118-Bus,49,100,0.4,12,4.1005,12.8662026,0
IEEE-118-Bus,49,100,0.4,13,2.8315,10.46718151,0
IEEE-118-Bus,49,100,0.4,14,1.938,8.378678722,0
IEEE-118-Bus,49,100,0.4,15,1.3585,6.881908026,0
IEEE-118-Bus,49,100,0.4,16,0.89,5.272361795,0
IEEE-118-Bus,49,100,0.4,17,0.5785,4.073589918,0
IEEE-118-Bus,49,100,0.4,18,0.3645,3.205741434,0
IEEE-118-Bus,49,100,0.4,19,0.219,2.581931871,0
IEEE-118-Bus,49,100,0.4,20,0.104,1.850377245,0
IEEE-118-Bus,49,100,0.4,21,0.055,1.296076737,0
IEEE-118-Bus,49,100,0.4,22,0.027,0.824385107,0
IEEE-118-Bus,49,100,0.4,23,0.0175,0.590227019,0
IEEE-118-Bus,49,100,0.4,24,0.008,0.260710539,0
IEEE-118-Bus,49,100,0.4,25,0.002,0.089442719,0
IEEE-118-Bus,49,100,0.4,26,0,0,0
IEEE-118-Bus,49,100,0.4,27,0,0,0
IEEE-118-Bus,49,100,0.4,28,0,0,0
IEEE-118-Bus,49,100,0.4,29,0,0,0
IEEE-118-Bus,49,100,0.4,30,0,0,0
IEEE-118-Bus,49,100,0.4,31,0,0,0
IEEE-118-Bus,49,100,0.4,32,0,0,0
IEEE-118-Bus,49,100,0.4,33,0,0,0
IEEE-118-Bus,49,100,0.4,34,0,0,0
IEEE-118-Bus,49,100,0.4,35,0,0,0
IEEE-118-Bus,49,100,0.4,36,0,0,0
IEEE-118-Bus,49,100,0.4,37,0,0,0
IEEE-118-Bus,49,100,0.4,38,0,0,0
IEEE-118-Bus,49,100,0.4,39,0,0,0
IEEE-118-Bus,49,100,0.4,40,0,0,0
IEEE-118-Bus,49,100,0.4,41,0,0,0
IEEE-118-Bus,49,100,0.4,42,0,0,0
IEEE-118-Bus,49,100,0.4,43,0,0,0
IEEE-118-Bus,49,100,0.4,44,0,0,0
IEEE-118-Bus,49,100,0.4,45,0,0,0
IEEE-118-Bus,49,100,0.4,46,0,0,0
IEEE-118-Bus,49,100,0.4,47,0,0,0
IEEE-118-Bus,49,100,0.4,48,0,0,0
IEEE-118-Bus,49,100,0.4,49,0,0,0
IEEE-118-Bus,49,100,0.4,50,0,0,0
IEEE-118-Bus,49,100,0.4,51,0,0,0
IEEE-118-Bus,49,100,0.4,52,0,0,0
IEEE-118-Bus,49,100,0.4,53,0,0,0
IEEE-118-Bus,49,100,0.4,54,0,0,0
IEEE-118-Bus,49,100,0.4,55,0,0,0
IEEE-118-Bus,49,100,0.4,56,0,0,0
IEEE-118-Bus,49,100,0.4,57,0,0,0
IEEE-118-Bus,49,100,0.4,58,0,0,0
IEEE-118-Bus,49,100,0.4,59,0,0,0
IEEE-118-Bus,49,100,0.4,60,0,0,0
IEEE-118-Bus,49,100,0.4,61,0,0,0
IEEE-118-Bus,49,100,0.4,62,0,0,0
IEEE-118-Bus,49,100,0.4,63,0,0,0
IEEE-118-Bus,49,100,0.4,64,0,0,0
IEEE-118-Bus,49,100,0.4,65,0,0,0
IEEE-118-Bus,49,100,0.4,66,0,0,0
IEEE-118-Bus,49,100,0.4,67,0,0,0
IEEE-118-Bus,49,100,0.4,68,0,0,0
IEEE-118-Bus,49,100,0.4,69,0,0,0
IEEE-118-Bus,49,100,0.4,70,0,0,0
IEEE-118-Bus,49,100,0.4,71,0,0,0
IEEE-118-Bus,49,100,0.4,72,0,0,0
IEEE-118-Bus,49,100,0.4,73,0,0,0
IEEE-118-Bus,49,100,0.4,74,0,0,0
IEEE-118-Bus,49,100,0.4,75,0,0,0
IEEE-118-Bus,49,100,0.4,76,0,0,0
IEEE-118-Bus,49,100,0.4,77,0,0,0
IEEE-118-Bus,49,100,0.4,78,0,0,0
IEEE-118-Bus,49,100,0.4,79,0,0,0
IEEE-118-Bus,49,100,0.4,80,0,0,0
IEEE-118-Bus,49,100,0.4,81,0,0,0
IEEE-118-Bus,49,100,0.4,82,0,0,0
IEEE-118-Bus,49,100,0.4,83,0,0,0
IEEE-118-Bus,49,100,0.4,84,0,0,0
IEEE-118-Bus,49,100,0.4,85,0,0,0
IEEE-118-Bus,49,100,0.4,86,0,0,0
IEEE-118-Bus,49,100,0.4,87,0,0,0
IEEE-118-Bus,49,100,0.4,88,0,0,0
IEEE-118-Bus,49,100,0.4,89,0,0,0
IEEE-118-Bus,49,100,0.4,90,0,0,0
IEEE-118-Bus,49,100,0.4,91,0,0,0
IEEE-118-Bus,49,100,0.4,92,0,0,0
IEEE-118-Bus,49,100,0.4,93,0,0,0
IEEE-118-Bus,49,100,0.4,94,0,0,0
IEEE-118-Bus,49,100,0.4,95,0,0,0
IEEE-118-Bus,49,100,0.4,96,0,0,0
IEEE-118-Bus,49,100,0.4,97,0,0,0
IEEE-118-Bus,49,100,0.4,98,0,0,0
IEEE-118-Bus,49,100,0.4,99,0,0,0
IEEE-118-Bus,49,100,0.4,100,0,0,0
IEEE-118-Bus,49,100,0.4,101,0,0,0
IEEE-118-Bus,49,100,0.4,102,0,0,0
IEEE-118-Bus,49,100,0.4,103,0,0,0
IEEE-118-Bus,49,100,0.4,104,0,0,0
IEEE-118-Bus,49,100,0.4,105,0,0,0
IEEE-118-Bus,49,100,0.4,106,0,0,0
IEEE-118-Bus,49,100,0.4,107,0,0,0
IEEE-118-Bus,49,100,0.4,108,0,0,0
IEEE-118-Bus,49,100,0.4,109,0,0,0
IEEE-118-Bus,49,100,0.4,110,0,0,0
IEEE-118-Bus,49,100,0.4,111,0,0,0
IEEE-118-Bus,49,100,0.4,112,0,0,0
IEEE-118-Bus,49,100,0.4,113,0,0,0
IEEE-118-Bus,49,100,0.4,114,0,0,0
IEEE-118-Bus,49,100,0.4,115,0,0,0
IEEE-118-Bus,49,100,0.4,116,0,0,0
IEEE-118-Bus,49,100,0.4,117,0,0,0
IEEE-118-Bus,49,100,0.5,1,89.262,6.664800506,0
IEEE-118-Bus,49,100,0.5,2,115.1675,18.6849942,0
IEEE-118-Bus,49,100,0.5,3,123.8285,31.53217764,0
IEEE-118-Bus,49,100,0.5,4,120.8735,42.96565514,0
IEEE-118-Bus,49,100,0.5,5,110.266,50.41265676,0
IEEE-118-Bus,49,100,0.5,6,95.3995,54.31170021,0
IEEE-118-Bus,49,100,0.5,7,81.0545,56.27557196,0
IEEE-118-Bus,49,100,0.5,8,67.869,56.55418664,0
IEEE-118-Bus,49,100,0.5,9,55.7355,54.44554801,0
IEEE-118-Bus,49,100,0.5,10,45.178,50.57162308,0
IEEE-118-Bus,49,100,0.5,11,35.7755,45.87788672,0
IEEE-118-Bus,49,100,0.5,12,27.663,40.0560067,0
IEEE-118-Bus,49,100,0.5,13,21.083,34.52933895,0
IEEE-118-Bus,49,100,0.5,14,15.8075,29.31506661,0
IEEE-118-Bus,49,100,0.5,15,11.489,24.13257279,0
IEEE-118-Bus,49,100,0.5,16,8.3125,19.95600072,0
IEEE-118-Bus,49,100,0.5,17,5.992,16.6251356,0
IEEE-118-Bus,49,100,0.5,18,4.2035,13.32114162,0
IEEE-118-Bus,49,100,0.5,19,2.9485,10.91972838,0
IEEE-118-Bus,49,100,0.5,20,2.0175,8.647287525,0
IEEE-118-Bus,49,100,0.5,21,1.326,6.658219728,0
IEEE-118-Bus,49,100,0.5,22,0.8675,5.106758585,0
IEEE-118-Bus,49,100,0.5,23,0.5655,3.881525843,0
IEEE-118-Bus,49,100,0.5,24,0.3445,2.812965719,0
IEEE-118-Bus,49,100,0.5,25,0.214,2.002300828,0
IEEE-118-Bus,49,100,0.5,26,0.124,1.254755437,0
IEEE-118-Bus,49,100,0.5,27,0.0595,0.74849173,0
IEEE-118-Bus,49,100,0.5,28,0.0155,0.259409708,0
IEEE-118-Bus,49,100,0.5,29,0.003,0.070664678,0
IEEE-118-Bus,49,100,0.5,30,0,0,0
IEEE-118-Bus,49,100,0.5,31,0,0,0
IEEE-118-Bus,49,100,0.5,32,0,0,0
IEEE-118-Bus,49,100,0.5,33,0,0,0
IEEE-118-Bus,49,100,0.5,34,0,0,0
IEEE-118-Bus,49,100,0.5,35,0,0,0
IEEE-118-Bus,49,100,0.5,36,0,0,0
IEEE-118-Bus,49,100,0.5,37,0,0,0
IEEE-118-Bus,49,100,0.5,38,0,0,0
IEEE-118-Bus,49,100,0.5,39,0,0,0
IEEE-118-Bus,49,100,0.5,40,0,0,0
IEEE-118-Bus,49,100,0.5,41,0,0,0
IEEE-118-Bus,49,100,0.5,42,0,0,0
IEEE-118-Bus,49,100,0.5,43,0,0,0
IEEE-118-Bus,49,100,0.5,44,0,0,0
IEEE-118-Bus,49,100,0.5,45,0,0,0
IEEE-118-Bus,49,100,0.5,46,0,0,0
IEEE-118-Bus,49,100,0.5,47,0,0,0
IEEE-118-Bus,49,100,0.5,48,0,0,0
IEEE-118-Bus,49,100,0.5,49,0,0,0
IEEE-118-Bus,49,100,0.5,50,0,0,0
IEEE-118-Bus,49,100,0.5,51,0,0,0
IEEE-118-Bus,49,100,0.5,52,0,0,0
IEEE-118-Bus,49,100,0.5,53,0,0,0
IEEE-118-Bus,49,100,0.5,54,0,0,0
IEEE-118-Bus,49,100,0.5,55,0,0,0
IEEE-118-Bus,49,100,0.5,56,0,0,0
IEEE-118-Bus,49,100,0.5,57,0,0,0
IEEE-118-Bus,49,100,0.5,58,0,0,0
IEEE-118-Bus,49,100,0.5,59,0,0,0
IEEE-118-Bus,49,100,0.5,60,0,0,0
IEEE-118-Bus,49,100,0.5,61,0,0,0
IEEE-118-Bus,49,100,0.5,62,0,0,0
IEEE-118-Bus,49,100,0.5,63,0,0,0
IEEE-118-Bus,49,100,0.5,64,0,0,0
IEEE-118-Bus,49,100,0.5,65,0,0,0
IEEE-118-Bus,49,100,0.5,66,0,0,0
IEEE-118-Bus,49,100,0.5,67,0,0,0
IEEE-118-Bus,49,100,0.5,68,0,0,0
IEEE-118-Bus,49,100,0.5,69,0,0,0
IEEE-118-Bus,49,100,0.5,70,0,0,0
IEEE-118-Bus,49,100,0.5,71,0,0,0
IEEE-118-Bus,49,100,0.5,72,0,0,0
IEEE-118-Bus,49,100,0.5,73,0,0,0
IEEE-118-Bus,49,100,0.5,74,0,0,0
IEEE-118-Bus,49,100,0.5,75,0,0,0
IEEE-118-Bus,49,100,0.5,76,0,0,0
IEEE-118-Bus,49,100,0.5,77,0,0,0
IEEE-118-Bus,49,100,0.5,78,0,0,0
IEEE-118-Bus,49,100,0.5,79,0,0,0
IEEE-118-Bus,49,100,0.5,80,0,0,0
IEEE-118-Bus,49,100,0.5,81,0,0,0
IEEE-118-Bus,49,100,0.5,82,0,0,0
IEEE-118-Bus,49,100,0.5,83,0,0,0
IEEE-118-Bus,49,100,0.5,84,0,0,0
IEEE-118-Bus,49,100,0.5,85,0,0,0
IEEE-118-Bus,49,100,0.5,86,0,0,0
IEEE-118-Bus,49,100,0.5,87,0,0,0
IEEE-118-Bus,49,100,0.5,88,0,0,0
IEEE-118-Bus,49,100,0.5,89,0,0,0
IEEE-118-Bus,49,100,0.5,90,0,0,0
IEEE-118-Bus,49,100,0.5,91,0,0,0
IEEE-118-Bus,49,100,0.5,92,0,0,0
IEEE-118-Bus,49,100,0.5,93,0,0,0
IEEE-118-Bus,49,100,0.5,94,0,0,0
IEEE-118-Bus,49,100,0.5,95,0,0,0
IEEE-118-Bus,49,100,0.5,96,0,0,0
IEEE-118-Bus,49,100,0.5,97,0,0,0
IEEE-118-Bus,49,100,0.5,98,0,0,0
IEEE-118-Bus,49,100,0.5,99,0,0,0
IEEE-118-Bus,49,100,0.5,100,0,0,0
IEEE-118-Bus,49,100,0.5,101,0,0,0
IEEE-118-Bus,49,100,0.5,102,0,0,0
IEEE-118-Bus,49,100,0.5,103,0,0,0
IEEE-118-Bus,49,100,0.5,104,0,0,0
IEEE-118-Bus,49,100,0.5,105,0,0,0
IEEE-118-Bus,49,100,0.5,106,0,0,0
IEEE-118-Bus,49,100,0.5,107,0,0,0
IEEE-118-Bus,49,100,0.5,108,0,0,0
IEEE-118-Bus,49,100,0.5,109,0,0,0
IEEE-118-Bus,49,100,0.5,110,0,0,0
IEEE-118-Bus,49,100,0.5,111,0,0,0
IEEE-118-Bus,49,100,0.5,112,0,0,0
IEEE-118-Bus,49,100,0.5,113,0,0,0
IEEE-118-Bus,49,100,0.5,114,0,0,0
IEEE-118-Bus,49,100,0.5,115,0,0,0
IEEE-118-Bus,49,100,0.5,116,0,0,0
IEEE-118-Bus,49,100,0.5,117,0,0,0
Venezuela-Grid,3,11,0.05,1,5.358,2.23502431,0
Venezuela-Grid,3,11,0.05,2,0.624,0.897790072,0
Venezuela-Grid,3,11,0.05,3,0.057,0.262269695,0
Venezuela-Grid,3,11,0.05,4,0.003,0.063190161,0
Venezuela-Grid,3,11,0.05,5,0,0,0
Venezuela-Grid,3,11,0.05,6,0,0,0
Venezuela-Grid,3,11,0.05,7,0,0,0
Venezuela-Grid,3,11,0.05,8,0,0,0
Venezuela-Grid,3,11,0.05,9,0,0,0
Venezuela-Grid,3,11,0.05,10,0,0,0
Venezuela-Grid,3,11,0.05,11,0,0,0
Venezuela-Grid,3,11,0.05,12,0,0,0
Venezuela-Grid,3,11,0.05,13,0,0,0
Venezuela-Grid,3,11,0.05,14,0,0,0
Venezuela-Grid,3,11,0.05,15,0,0,0
Venezuela-Grid,3,11,0.05,16,0,0,0
Venezuela-Grid,3,11,0.05,17,0,0,0
Venezuela-Grid,3,11,0.05,18,0,0,0
Venezuela-Grid,3,11,0.05,19,0,0,0
Venezuela-Grid,3,11,0.05,20,0,0,0
Venezuela-Grid,3,11,0.05,21,0,0,0
Venezuela-Grid,3,11,0.05,22,0,0,0
Venezuela-Grid,3,11,0.05,23,0,0,0
Venezuela-Grid,3,11,0.05,24,0,0,0
Venezuela-Grid,3,11,0.05,25,0,0,0
Venezuela-Grid,3,11,0.05,26,0,0,0
Venezuela-Grid,3,11,0.05,27,0,0,0
Venezuela-Grid,3,11,0.05,28,0,0,0
Venezuela-Grid,3,11,0.05,29,0,0,0
Venezuela-Grid,3,11,0.05,30,0,0,0
Venezuela-Grid,3,11,0.05,31,0,0,0
Venezuela-Grid,3,11,0.05,32,0,0,0
Venezuela-Grid,3,11,0.05,33,0,0,0
Venezuela-Grid,3,11,0.05,34,0,0,0
Venezuela-Grid,3,11,0.05,35,0,0,0
Venezuela-Grid,3,11,0.05,36,0,0,0
Venezuela-Grid,3,11,0.05,37,0,0,0
Venezuela-Grid,3,11,0.05,38,0,0,0
Venezuela-Grid,3,11,0.05,39,0,0,0
Venezuela-Grid,3,11,0.05,40,0,0,0
Venezuela-Grid,3,11,0.05,41,0,0,0
Venezuela-Grid,3,11,0.05,42,0,0,0
Venezuela-Grid,3,11,0.05,43,0,0,0
Venezuela-Grid,3,11,0.05,44,0,0,0
Venezuela-Grid,3,11,0.05,45,0,0,0
Venezuela-Grid,3,11,0.05,46,0,0,0
Venezuela-Grid,3,11,0.05,47,0,0,0
Venezuela-Grid,3,11,0.05,48,0,0,0
Venezuela-Grid,3,11,0.05,49,0,0,0
Venezuela-Grid,3,11,0.05,50,0,0,0
Venezuela-Grid,3,11,0.05,51,0,0,0
Venezuela-Grid,3,11,0.05,52,0,0,0
Venezuela-Grid,3,11,0.05,53,0,0,0
Venezuela-Grid,3,11,0.05,54,0,0,0
Venezuela-Grid,3,11,0.05,55,0,0,0
Venezuela-Grid,3,11,0.05,56,0,0,0
Venezuela-Grid,3,11,0.05,57,0,0,0
Venezuela-Grid,3,11,0.05,58,0,0,0
Venezuela-Grid,3,11,0.05,59,0,0,0
Venezuela-Grid,3,11,0.05,60,0,0,0
Venezuela-Grid,3,11,0.05,61,0,0,0
Venezuela-Grid,3,11,0.05,62,0,0,0
Venezuela-Grid,3,11,0.05,63,0,0,0
Venezuela-Grid,3,11,0.05,64,0,0,0
Venezuela-Grid,3,11,0.05,65,0,0,0
Venezuela-Grid,3,11,0.05,66,0,0,0
Venezuela-Grid,3,11,0.05,67,0,0,0
Venezuela-Grid,3,11,0.05,68,0,0,0
Venezuela-Grid,3,11,0.05,69,0,0,0
Venezuela-Grid,3,11,0.05,70,0,0,0
Venezuela-Grid,3,11,0.05,71,0,0,0
Venezuela-Grid,3,11,0.05,72,0,0,0
Venezuela-Grid,3,11,0.05,73,0,0,0
Venezuela-Grid,3,11,0.05,74,0,0,0
Venezuela-Grid,3,11,0.05,75,0,0,0
Venezuela-Grid,3,11,0.05,76,0,0,0
Venezuela-Grid,3,11,0.05,77,0,0,0
Venezuela-Grid,3,11,0.05,78,0,0,0
Venezuela-Grid,3,11,0.05,79,0,0,0
Venezuela-Grid,3,11,0.2,1,21.312,4.109148154,0
Venezuela-Grid,3,11,0.2,2,9.382,4.441051392,0
Venezuela-Grid,3,11,0.2,3,3.5465,3.365189445,0
Venezuela-Grid,3,11,0.2,4,1.2875,2.179729194,0
Venezuela-Grid,3,11,0.2,5,0.441,1.251120158,0
Venezuela-Grid,3,11,0.2,6,0.1445,0.714055101,0
Venezuela-Grid,3,11,0.2,7,0.0455,0.38536217,0
Venezuela-Grid,3,11,0.2,8,0.0145,0.22872671,0
Venezuela-Grid,3,11,0.2,9,0.0045,0.162766693,0
Venezuela-Grid,3,11,0.2,10,0.003,0.114006573,0
Venezuela-Grid,3,11,0.2,11,0.001,0.04472136,0
Venezuela-Grid,3,11,0.2,12,0,0,0
Venezuela-Grid,3,11,0.2,13,0,0,0
Venezuela-Grid,3,11,0.2,14,0,0,0
Venezuela-Grid,3,11,0.2,15,0,0,0
Venezuela-Grid,3,11,0.2,16,0,0,0
Venezuela-Grid,3,11,0.2,17,0,0,0
Venezuela-Grid,3,11,0.2,18,0,0,0
Venezuela-Grid,3,11,0.2,19,0,0,0
Venezuela-Grid,3,11,0.2,20,0,0,0
Venezuela-Grid,3,11,0.2,21,0,0,0
Venezuela-Grid,3,11,0.2,22,0,0,0
Venezuela-Grid,3,11,0.2,23,0,0,0
Venezuela-Grid,3,11,0.2,24,0,0,0
Venezuela-Grid,3,11,0.2,25,0,0,0
Venezuela-Grid,3,11,0.2,26,0,0,0
Venezuela-Grid,3,11,0.2,27,0,0,0
Venezuela-Grid,3,11,0.2,28,0,0,0
Venezuela-Grid,3,11,0.2,29,0,0,0
Venezuela-Grid,3,11,0.2,30,0,0,0
Venezuela-Grid,3,11,0.2,31,0,0,0
Venezuela-Grid,3,11,0.2,32,0,0,0
Venezuela-Grid,3,11,0.2,33,0,0,0
Venezuela-Grid,3,11,0.2,34,0,0,0
Venezuela-Grid,3,11,0.2,35,0,0,0
Venezuela-Grid,3,11,0.2,36,0,0,0
Venezuela-Grid,3,11,0.2,37,0,0,0
Venezuela-Grid,3,11,0.2,38,0,0,0
Venezuela-Grid,3,11,0.2,39,0,0,0
Venezuela-Grid,3,11,0.2,40,0,0,0
Venezuela-Grid,3,11,0.2,41,0,0,0
Venezuela-Grid,3,11,0.2,42,0,0,0
Venezuela-Grid,3,11,0.2,43,0,0,0
Venezuela-Grid,3,11,0.2,44,0,0,0
Venezuela-Grid,3,11,0.2,45,0,0,0
Venezuela-Grid,3,11,0.2,46,0,0,0
Venezuela-Grid,3,11,0.2,47,0,0,0
Venezuela-Grid,3,11,0.2,48,0,0,0
Venezuela-Grid,3,11,0.2,49,0,0,0
Venezuela-Grid,3,11,0.2,50,0,0,0
Venezuela-Grid,3,11,0.2,51,0,0,0
Venezuela-Grid,3,11,0.2,52,0,0,0
Venezuela-Grid,3,11,0.2,53,0,0,0
Venezuela-Grid,3,11,0.2,54,0,0,0
Venezuela-Grid,3,11,0.2,55,0,0,0
Venezuela-Grid,3,11,0.2,56,0,0,0
Venezuela-Grid,3,11,0.2,57,0,0,0
Venezuela-Grid,3,11,0.2,58,0,0,0
Venezuela-Grid,3,11,0.2,59,0,0,0
Venezuela-Grid,3,11,0.2,60,0,0,0
Venezuela-Grid,3,11,0.2,61,0,0,0
Venezuela-Grid,3,11,0.2,62,0,0,0
Venezuela-Grid,3,11,0.2,63,0,0,0
Venezuela-Grid,3,11,0.2,64,0,0,0
Venezuela-Grid,3,11,0.2,65,0,0,0
Venezuela-Grid,3,11,0.2,66,0,0,0
Venezuela-Grid,3,11,0.2,67,0,0,0
Venezuela-Grid,3,11,0.2,68,0,0,0
Venezuela-Grid,3,11,0.2,69,0,0,0
Venezuela-Grid,3,11,0.2,70,0,0,0
Venezuela-Grid,3,11,0.2,71,0,0,0
Venezuela-Grid,3,11,0.2,72,0,0,0
Venezuela-Grid,3,11,0.2,73,0,0,0
Venezuela-Grid,3,11,0.2,74,0,0,0
Venezuela-Grid,3,11,0.2,75,0,0,0
Venezuela-Grid,3,11,0.2,76,0,0,0
Venezuela-Grid,3,11,0.2,77,0,0,0
Venezuela-Grid,3,11,0.2,78,0,0,0
Venezuela-Grid,3,11,0.2,79,0,0,0
Venezuela-Grid,3,11,0.4,1,42.644,5.082241493,0
Venezuela-Grid,3,11,0.4,2,36.234,9.544988077,0
Venezuela-Grid,3,11,0.4,3,26.338,12.05709097,0
Venezuela-Grid,3,11,0.4,4,18.7395,12.85582653,0
Venezuela-Grid,3,11,0.4,5,13.104,12.34331247,0
Venezuela-Grid,3,11,0.4,6,8.735,10.98695279,0
Venezuela-Grid,3,11,0.4,7,5.6625,9.361111523,0
Venezuela-Grid,3,11,0.4,8,3.647,7.723031374,0
Venezuela-Grid,3,11,0.4,9,2.2235,5.870926813,0
Venezuela-Grid,3,11,0.4,10,1.358,4.467417029,0
Venezuela-Grid,3,11,0.4,11,0.7945,3.304955539,0
Venezuela-Grid,3,11,0.4,12,0.464,2.436528747,0
Venezuela-Grid,3,11,0.4,13,0.257,1.743694708,0
Venezuela-Grid,3,11,0.4,14,0.1385,1.270088309,0
Venezuela-Grid,3,11,0.4,15,0.08,0.929533225,0
Venezuela-Grid,3,11,0.4,16,0.0475,0.715891053,0
Venezuela-Grid,3,11,0.4,17,0.0235,0.513886943,0
Venezuela-Grid,3,11,0.4,18,0.0145,0.431720907,0
Venezuela-Grid,3,11,0.4,19,0.007,0.221304062,0
Venezuela-Grid,3,11,0.4,20,0.0045,0.143143267,0
Venezuela-Grid,3,11,0.4,21,0.003,0.099979988,0
Venezuela-Grid,3,11,0.4,22,5.00E-04,0.02236068,0
Venezuela-Grid,3,11,0.4,23,0,0,0
Venezuela-Grid,3,11,0.4,24,0,0,0
Venezuela-Grid,3,11,0.4,25,0,0,0
Venezuela-Grid,3,11,0.4,26,0,0,0
Venezuela-Grid,3,11,0.4,27,0,0,0
Venezuela-Grid,3,11,0.4,28,0,0,0
Venezuela-Grid,3,11,0.4,29,0,0,0
Venezuela-Grid,3,11,0.4,30,0,0,0
Venezuela-Grid,3,11,0.4,31,0,0,0
Venezuela-Grid,3,11,0.4,32,0,0,0
Venezuela-Grid,3,11,0.4,33,0,0,0
Venezuela-Grid,3,11,0.4,34,0,0,0
Venezuela-Grid,3,11,0.4,35,0,0,0
Venezuela-Grid,3,11,0.4,36,0,0,0
Venezuela-Grid,3,11,0.4,37,0,0,0
Venezuela-Grid,3,11,0.4,38,0,0,0
Venezuela-Grid,3,11,0.4,39,0,0,0
Venezuela-Grid,3,11,0.4,40,0,0,0
Venezuela-Grid,3,11,0.4,41,0,0,0
Venezuela-Grid,3,11,0.4,42,0,0,0
Venezuela-Grid,3,11,0.4,43,0,0,0
Venezuela-Grid,3,11,0.4,44,0,0,0
Venezuela-Grid,3,11,0.4,45,0,0,0
Venezuela-Grid,3,11,0.4,46,0,0,0
Venezuela-Grid,3,11,0.4,47,0,0,0
Venezuela-Grid,3,11,0.4,48,0,0,0
Venezuela-Grid,3,11,0.4,49,0,0,0
Venezuela-Grid,3,11,0.4,50,0,0,0
Venezuela-Grid,3,11,0.4,51,0,0,0
Venezuela-Grid,3,11,0.4,52,0,0,0
Venezuela-Grid,3,11,0.4,53,0,0,0
Venezuela-Grid,3,11,0.4,54,0,0,0
Venezuela-Grid,3,11,0.4,55,0,0,0
Venezuela-Grid,3,11,0.4,56,0,0,0
Venezuela-Grid,3,11,0.4,57,0,0,0
Venezuela-Grid,3,11,0.4,58,0,0,0
Venezuela-Grid,3,11,0.4,59,0,0,0
Venezuela-Grid,3,11,0.4,60,0,0,0
Venezuela-Grid,3,11,0.4,61,0,0,0
Venezuela-Grid,3,11,0.4,62,0,0,0
Venezuela-Grid,3,11,0.4,63,0,0,0
Venezuela-Grid,3,11,0.4,64,0,0,0
Venezuela-Grid,3,11,0.4,65,0,0,0
Venezuela-Grid,3,11,0.4,66,0,0,0
Venezuela-Grid,3,11,0.4,67,0,0,0
Venezuela-Grid,3,11,0.4,68,0,0,0
Venezuela-Grid,3,11,0.4,69,0,0,0
Venezuela-Grid,3,11,0.4,70,0,0,0
Venezuela-Grid,3,11,0.4,71,0,0,0
Venezuela-Grid,3,11,0.4,72,0,0,0
Venezuela-Grid,3,11,0.4,73,0,0,0
Venezuela-Grid,3,11,0.4,74,0,0,0
Venezuela-Grid,3,11,0.4,75,0,0,0
Venezuela-Grid,3,11,0.4,76,0,0,0
Venezuela-Grid,3,11,0.4,77,0,0,0
Venezuela-Grid,3,11,0.4,78,0,0,0
Venezuela-Grid,3,11,0.4,79,0,0,0
Venezuela-Grid,3,11,0.5,1,53.719,5.180198474,0
Venezuela-Grid,3,11,0.5,2,56.2515,11.89154961,0
Venezuela-Grid,3,11,0.5,3,49.827,17.4627187,0
Venezuela-Grid,3,11,0.5,4,42.95,21.96446491,0
Venezuela-Grid,3,11,0.5,5,35.915,24.2458183,0
Venezuela-Grid,3,11,0.5,6,28.533,24.07040929,0
Venezuela-Grid,3,11,0.5,7,22.113,22.46271394,0
Venezuela-Grid,3,11,0.5,8,16.6795,20.31300295,0
Venezuela-Grid,3,11,0.5,9,12.1565,17.53290361,0
Venezuela-Grid,3,11,0.5,10,8.5235,14.50778017,0
Venezuela-Grid,3,11,0.5,11,5.802,11.69231162,0
Venezuela-Grid,3,11,0.5,12,3.845,9.200342284,0
Venezuela-Grid,3,11,0.5,13,2.4375,7.033692499,0
Venezuela-Grid,3,11,0.5,14,1.4855,5.169056909,0
Venezuela-Grid,3,11,0.5,15,0.877,3.789333784,0
Venezuela-Grid,3,11,0.5,16,0.5225,2.794351078,0
Venezuela-Grid,3,11,0.5,17,0.303,1.963700349,0
Venezuela-Grid,3,11,0.5,18,0.1845,1.408350622,0
Venezuela-Grid,3,11,0.5,19,0.1035,0.877594916,0
Venezuela-Grid,3,11,0.5,20,0.0435,0.494702047,0
Venezuela-Grid,3,11,0.5,21,0.0215,0.336294956,0
Venezuela-Grid,3,11,0.5,22,0.008,0.22351953,0
Venezuela-Grid,3,11,0.5,23,0.0035,0.120395172,0
Venezuela-Grid,3,11,0.5,24,5.00E-04,0.02236068,0
Venezuela-Grid,3,11,0.5,25,0,0,0
Venezuela-Grid,3,11,0.5,26,0,0,0
Venezuela-Grid,3,11,0.5,27,0,0,0
Venezuela-Grid,3,11,0.5,28,0,0,0
Venezuela-Grid,3,11,0.5,29,0,0,0
Venezuela-Grid,3,11,0.5,30,0,0,0
Venezuela-Grid,3,11,0.5,31,0,0,0
Venezuela-Grid,3,11,0.5,32,0,0,0
Venezuela-Grid,3,11,0.5,33,0,0,0
Venezuela-Grid,3,11,0.5,34,0,0,0
Venezuela-Grid,3,11,0.5,35,0,0,0
Venezuela-Grid,3,11,0.5,36,0,0,0
Venezuela-Grid,3,11,0.5,37,0,0,0
Venezuela-Grid,3,11,0.5,38,0,0,0
Venezuela-Grid,3,11,0.5,39,0,0,0
Venezuela-Grid,3,11,0.5,40,0,0,0
Venezuela-Grid,3,11,0.5,41,0,0,0
Venezuela-Grid,3,11,0.5,42,0,0,0
Venezuela-Grid,3,11,0.5,43,0,0,0
Venezuela-Grid,3,11,0.5,44,0,0,0
Venezuela-Grid,3,11,0.5,45,0,0,0
Venezuela-Grid,3,11,0.5,46,0,0,0
Venezuela-Grid,3,11,0.5,47,0,0,0
Venezuela-Grid,3,11,0.5,48,0,0,0
Venezuela-Grid,3,11,0.5,49,0,0,0
Venezuela-Grid,3,11,0.5,50,0,0,0
Venezuela-Grid,3,11,0.5,51,0,0,0
Venezuela-Grid,3,11,0.5,52,0,0,0
Venezuela-Grid,3,11,0.5,53,0,0,0
Venezuela-Grid,3,11,0.5,54,0,0,0
Venezuela-Grid,3,11,0.5,55,0,0,0
Venezuela-Grid,3,11,0.5,56,0,0,0
Venezuela-Grid,3,11,0.5,57,0,0,0
Venezuela-Grid,3,11,0.5,58,0,0,0
Venezuela-Grid,3,11,0.5,59,0,0,0
Venezuela-Grid,3,11,0.5,60,0,0,0
Venezuela-Grid,3,11,0.5,61,0,0,0
Venezuela-Grid,3,11,0.5,62,0,0,0
Venezuela-Grid,3,11,0.5,63,0,0,0
Venezuela-Grid,3,11,0.5,64,0,0,0
Venezuela-Grid,3,11,0.5,65,0,0,0
Venezuela-Grid,3,11,0.5,66,0,0,0
Venezuela-Grid,3,11,0.5,67,0,0,0
Venezuela-Grid,3,11,0.5,68,0,0,0
Venezuela-Grid,3,11,0.5,69,0,0,0
Venezuela-Grid,3,11,0.5,70,0,0,0
Venezuela-Grid,3,11,0.5,71,0,0,0
Venezuela-Grid,3,11,0.5,72,0,0,0
Venezuela-Grid,3,11,0.5,73,0,0,0
Venezuela-Grid,3,11,0.5,74,0,0,0
Venezuela-Grid,3,11,0.5,75,0,0,0
Venezuela-Grid,3,11,0.5,76,0,0,0
Venezuela-Grid,3,11,0.5,77,0,0,0
Venezuela-Grid,3,11,0.5,78,0,0,0
Venezuela-Grid,3,11,0.5,79,0,0,0
Italian-Grid,68,64,0.05,1,8.517,2.827668448,0
Italian-Grid,68,64,0.05,2,0.961,1.136716791,0
Italian-Grid,68,64,0.05,3,0.0825,0.335782854,0
Italian-Grid,68,64,0.05,4,0.005,0.077317456,0
Italian-Grid,68,64,0.05,5,5.00E-04,0.02236068,0
Italian-Grid,68,64,0.05,6,0,0,0
Italian-Grid,68,64,0.05,7,0,0,0
Italian-Grid,68,64,0.05,8,0,0,0
Italian-Grid,68,64,0.05,9,0,0,0
Italian-Grid,68,64,0.05,10,0,0,0
Italian-Grid,68,64,0.05,11,0,0,0
Italian-Grid,68,64,0.05,12,0,0,0
Italian-Grid,68,64,0.05,13,0,0,0
Italian-Grid,68,64,0.05,14,0,0,0
Italian-Grid,68,64,0.05,15,0,0,0
Italian-Grid,68,64,0.05,16,0,0,0
Italian-Grid,68,64,0.05,17,0,0,0
Italian-Grid,68,64,0.05,18,0,0,0
Italian-Grid,68,64,0.05,19,0,0,0
Italian-Grid,68,64,0.05,20,0,0,0
Italian-Grid,68,64,0.05,21,0,0,0
Italian-Grid,68,64,0.05,22,0,0,0
Italian-Grid,68,64,0.05,23,0,0,0
Italian-Grid,68,64,0.05,24,0,0,0
Italian-Grid,68,64,0.05,25,0,0,0
Italian-Grid,68,64,0.05,26,0,0,0
Italian-Grid,68,64,0.05,27,0,0,0
Italian-Grid,68,64,0.05,28,0,0,0
Italian-Grid,68,64,0.05,29,0,0,0
Italian-Grid,68,64,0.05,30,0,0,0
Italian-Grid,68,64,0.05,31,0,0,0
Italian-Grid,68,64,0.05,32,0,0,0
Italian-Grid,68,64,0.05,33,0,0,0
Italian-Grid,68,64,0.05,34,0,0,0
Italian-Grid,68,64,0.05,35,0,0,0
Italian-Grid,68,64,0.05,36,0,0,0
Italian-Grid,68,64,0.05,37,0,0,0
Italian-Grid,68,64,0.05,38,0,0,0
Italian-Grid,68,64,0.05,39,0,0,0
Italian-Grid,68,64,0.05,40,0,0,0
Italian-Grid,68,64,0.05,41,0,0,0
Italian-Grid,68,64,0.05,42,0,0,0
Italian-Grid,68,64,0.05,43,0,0,0
Italian-Grid,68,64,0.05,44,0,0,0
Italian-Grid,68,64,0.05,45,0,0,0
Italian-Grid,68,64,0.05,46,0,0,0
Italian-Grid,68,64,0.05,47,0,0,0
Italian-Grid,68,64,0.05,48,0,0,0
Italian-Grid,68,64,0.05,49,0,0,0
Italian-Grid,68,64,0.05,50,0,0,0
Italian-Grid,68,64,0.05,51,0,0,0
Italian-Grid,68,64,0.05,52,0,0,0
Italian-Grid,68,64,0.05,53,0,0,0
Italian-Grid,68,64,0.05,54,0,0,0
Italian-Grid,68,64,0.05,55,0,0,0
Italian-Grid,68,64,0.05,56,0,0,0
Italian-Grid,68,64,0.05,57,0,0,0
Italian-Grid,68,64,0.05,58,0,0,0
Italian-Grid,68,64,0.05,59,0,0,0
Italian-Grid,68,64,0.05,60,0,0,0
Italian-Grid,68,64,0.05,61,0,0,0
Italian-Grid,68,64,0.05,62,0,0,0
Italian-Grid,68,64,0.05,63,0,0,0
Italian-Grid,68,64,0.05,64,0,0,0
Italian-Grid,68,64,0.05,65,0,0,0
Italian-Grid,68,64,0.05,66,0,0,0
Italian-Grid,68,64,0.05,67,0,0,0
Italian-Grid,68,64,0.05,68,0,0,0
Italian-Grid,68,64,0.05,69,0,0,0
Italian-Grid,68,64,0.05,70,0,0,0
Italian-Grid,68,64,0.05,71,0,0,0
Italian-Grid,68,64,0.05,72,0,0,0
Italian-Grid,68,64,0.05,73,0,0,0
Italian-Grid,68,64,0.05,74,0,0,0
Italian-Grid,68,64,0.05,75,0,0,0
Italian-Grid,68,64,0.05,76,0,0,0
Italian-Grid,68,64,0.05,77,0,0,0
Italian-Grid,68,64,0.05,78,0,0,0
Italian-Grid,68,64,0.05,79,0,0,0
Italian-Grid,68,64,0.05,80,0,0,0
Italian-Grid,68,64,0.05,81,0,0,0
Italian-Grid,68,64,0.05,82,0,0,0
Italian-Grid,68,64,0.05,83,0,0,0
Italian-Grid,68,64,0.05,84,0,0,0
Italian-Grid,68,64,0.05,85,0,0,0
Italian-Grid,68,64,0.05,86,0,0,0
Italian-Grid,68,64,0.05,87,0,0,0
Italian-Grid,68,64,0.05,88,0,0,0
Italian-Grid,68,64,0.05,89,0,0,0
Italian-Grid,68,64,0.05,90,0,0,0
Italian-Grid,68,64,0.05,91,0,0,0
Italian-Grid,68,64,0.05,92,0,0,0
Italian-Grid,68,64,0.05,93,0,0,0
Italian-Grid,68,64,0.05,94,0,0,0
Italian-Grid,68,64,0.05,95,0,0,0
Italian-Grid,68,64,0.05,96,0,0,0
Italian-Grid,68,64,0.05,97,0,0,0
Italian-Grid,68,64,0.05,98,0,0,0
Italian-Grid,68,64,0.05,99,0,0,0
Italian-Grid,68,64,0.05,100,0,0,0
Italian-Grid,68,64,0.05,101,0,0,0
Italian-Grid,68,64,0.05,102,0,0,0
Italian-Grid,68,64,0.05,103,0,0,0
Italian-Grid,68,64,0.05,104,0,0,0
Italian-Grid,68,64,0.05,105,0,0,0
Italian-Grid,68,64,0.05,106,0,0,0
Italian-Grid,68,64,0.05,107,0,0,0
Italian-Grid,68,64,0.05,108,0,0,0
Italian-Grid,68,64,0.05,109,0,0,0
Italian-Grid,68,64,0.05,110,0,0,0
Italian-Grid,68,64,0.05,111,0,0,0
Italian-Grid,68,64,0.05,112,0,0,0
Italian-Grid,68,64,0.05,113,0,0,0
Italian-Grid,68,64,0.05,114,0,0,0
Italian-Grid,68,64,0.05,115,0,0,0
Italian-Grid,68,64,0.05,116,0,0,0
Italian-Grid,68,64,0.05,117,0,0,0
Italian-Grid,68,64,0.05,118,0,0,0
Italian-Grid,68,64,0.05,119,0,0,0
Italian-Grid,68,64,0.05,120,0,0,0
Italian-Grid,68,64,0.05,121,0,0,0
Italian-Grid,68,64,0.05,122,0,0,0
Italian-Grid,68,64,0.05,123,0,0,0
Italian-Grid,68,64,0.05,124,0,0,0
Italian-Grid,68,64,0.05,125,0,0,0
Italian-Grid,68,64,0.05,126,0,0,0
Italian-Grid,68,64,0.2,1,33.961,5.339357018,0
Italian-Grid,68,64,0.2,2,14.442,5.371877189,0
Italian-Grid,68,64,0.2,3,5.2225,3.800686301,0
Italian-Grid,68,64,0.2,4,1.8365,2.530804266,0
Italian-Grid,68,64,0.2,5,0.6545,1.628943363,0
Italian-Grid,68,64,0.2,6,0.2525,1.063159868,0
Italian-Grid,68,64,0.2,7,0.096,0.65497977,0
Italian-Grid,68,64,0.2,8,0.0435,0.463373616,0
Italian-Grid,68,64,0.2,9,0.019,0.355952737,0
Italian-Grid,68,64,0.2,10,0.0095,0.30075734,0
Italian-Grid,68,64,0.2,11,0.0045,0.162766693,0
Italian-Grid,68,64,0.2,12,0.0015,0.049989994,0
Italian-Grid,68,64,0.2,13,0,0,0
Italian-Grid,68,64,0.2,14,0,0,0
Italian-Grid,68,64,0.2,15,0,0,0
Italian-Grid,68,64,0.2,16,0,0,0
Italian-Grid,68,64,0.2,17,0,0,0
Italian-Grid,68,64,0.2,18,0,0,0
Italian-Grid,68,64,0.2,19,0,0,0
Italian-Grid,68,64,0.2,20,0,0,0
Italian-Grid,68,64,0.2,21,0,0,0
Italian-Grid,68,64,0.2,22,0,0,0
Italian-Grid,68,64,0.2,23,0,0,0
Italian-Grid,68,64,0.2,24,0,0,0
Italian-Grid,68,64,0.2,25,0,0,0
Italian-Grid,68,64,0.2,26,0,0,0
Italian-Grid,68,64,0.2,27,0,0,0
Italian-Grid,68,64,0.2,28,0,0,0
Italian-Grid,68,64,0.2,29,0,0,0
Italian-Grid,68,64,0.2,30,0,0,0
Italian-Grid,68,64,0.2,31,0,0,0
Italian-Grid,68,64,0.2,32,0,0,0
Italian-Grid,68,64,0.2,33,0,0,0
Italian-Grid,68,64,0.2,34,0,0,0
Italian-Grid,68,64,0.2,35,0,0,0
Italian-Grid,68,64,0.2,36,0,0,0
Italian-Grid,68,64,0.2,37,0,0,0
Italian-Grid,68,64,0.2,38,0,0,0
Italian-Grid,68,64,0.2,39,0,0,0
Italian-Grid,68,64,0.2,40,0,0,0
Italian-Grid,68,64,0.2,41,0,0,0
Italian-Grid,68,64,0.2,42,0,0,0
Italian-Grid,68,64,0.2,43,0,0,0
Italian-Grid,68,64,0.2,44,0,0,0
Italian-Grid,68,64,0.2,45,0,0,0
Italian-Grid,68,64,0.2,46,0,0,0
Italian-Grid,68,64,0.2,47,0,0,0
Italian-Grid,68,64,0.2,48,0,0,0
Italian-Grid,68,64,0.2,49,0,0,0
Italian-Grid,68,64,0.2,50,0,0,0
Italian-Grid,68,64,0.2,51,0,0,0
Italian-Grid,68,64,0.2,52,0,0,0
Italian-Grid,68,64,0.2,53,0,0,0
Italian-Grid,68,64,0.2,54,0,0,0
Italian-Grid,68,64,0.2,55,0,0,0
Italian-Grid,68,64,0.2,56,0,0,0
Italian-Grid,68,64,0.2,57,0,0,0
Italian-Grid,68,64,0.2,58,0,0,0
Italian-Grid,68,64,0.2,59,0,0,0
Italian-Grid,68,64,0.2,60,0,0,0
Italian-Grid,68,64,0.2,61,0,0,0
Italian-Grid,68,64,0.2,62,0,0,0
Italian-Grid,68,64,0.2,63,0,0,0
Italian-Grid,68,64,0.2,64,0,0,0
Italian-Grid,68,64,0.2,65,0,0,0
Italian-Grid,68,64,0.2,66,0,0,0
Italian-Grid,68,64,0.2,67,0,0,0
Italian-Grid,68,64,0.2,68,0,0,0
Italian-Grid,68,64,0.2,69,0,0,0
Italian-Grid,68,64,0.2,70,0,0,0
Italian-Grid,68,64,0.2,71,0,0,0
Italian-Grid,68,64,0.2,72,0,0,0
Italian-Grid,68,64,0.2,73,0,0,0
Italian-Grid,68,64,0.2,74,0,0,0
Italian-Grid,68,64,0.2,75,0,0,0
Italian-Grid,68,64,0.2,76,0,0,0
Italian-Grid,68,64,0.2,77,0,0,0
Italian-Grid,68,64,0.2,78,0,0,0
Italian-Grid,68,64,0.2,79,0,0,0
Italian-Grid,68,64,0.2,80,0,0,0
Italian-Grid,68,64,0.2,81,0,0,0
Italian-Grid,68,64,0.2,82,0,0,0
Italian-Grid,68,64,0.2,83,0,0,0
Italian-Grid,68,64,0.2,84,0,0,0
Italian-Grid,68,64,0.2,85,0,0,0
Italian-Grid,68,64,0.2,86,0,0,0
Italian-Grid,68,64,0.2,87,0,0,0
Italian-Grid,68,64,0.2,88,0,0,0
Italian-Grid,68,64,0.2,89,0,0,0
Italian-Grid,68,64,0.2,90,0,0,0
Italian-Grid,68,64,0.2,91,0,0,0
Italian-Grid,68,64,0.2,92,0,0,0
Italian-Grid,68,64,0.2,93,0,0,0
Italian-Grid,68,64,0.2,94,0,0,0
Italian-Grid,68,64,0.2,95,0,0,0
Italian-Grid,68,64,0.2,96,0,0,0
Italian-Grid,68,64,0.2,97,0,0,0
Italian-Grid,68,64,0.2,98,0,0,0
Italian-Grid,68,64,0.2,99,0,0,0
Italian-Grid,68,64,0.2,100,0,0,0
Italian-Grid,68,64,0.2,101,0,0,0
Italian-Grid,68,64,0.2,102,0,0,0
Italian-Grid,68,64,0.2,103,0,0,0
Italian-Grid,68,64,0.2,104,0,0,0
Italian-Grid,68,64,0.2,105,0,0,0
Italian-Grid,68,64,0.2,106,0,0,0
Italian-Grid,68,64,0.2,107,0,0,0
Italian-Grid,68,64,0.2,108,0,0,0
Italian-Grid,68,64,0.2,109,0,0,0
Italian-Grid,68,64,0.2,110,0,0,0
Italian-Grid,68,64,0.2,111,0,0,0
Italian-Grid,68,64,0.2,112,0,0,0
Italian-Grid,68,64,0.2,113,0,0,0
Italian-Grid,68,64,0.2,114,0,0,0
Italian-Grid,68,64,0.2,115,0,0,0
Italian-Grid,68,64,0.2,116,0,0,0
Italian-Grid,68,64,0.2,117,0,0,0
Italian-Grid,68,64,0.2,118,0,0,0
Italian-Grid,68,64,0.2,119,0,0,0
Italian-Grid,68,64,0.2,120,0,0,0
Italian-Grid,68,64,0.2,121,0,0,0
Italian-Grid,68,64,0.2,122,0,0,0
Italian-Grid,68,64,0.2,123,0,0,0
Italian-Grid,68,64,0.2,124,0,0,0
Italian-Grid,68,64,0.2,125,0,0,0
Italian-Grid,68,64,0.2,126,0,0,0
Italian-Grid,68,64,0.4,1,68.3745,6.474581829,0
Italian-Grid,68,64,0.4,2,56.3905,11.88207059,0
Italian-Grid,68,64,0.4,3,39.628,14.05889193,0
Italian-Grid,68,64,0.4,4,27.558,14.8166934,0
Italian-Grid,68,64,0.4,5,18.992,14.34352831,0
Italian-Grid,68,64,0.4,6,12.9815,13.11892567,0
Italian-Grid,68,64,0.4,7,8.6505,11.40111146,0
Italian-Grid,68,64,0.4,8,5.7185,9.619018687,0
Italian-Grid,68,64,0.4,9,3.746,7.951295212,0
Italian-Grid,68,64,0.4,10,2.4135,6.401953628,0
Italian-Grid,68,64,0.4,11,1.515,5.064740941,0
Italian-Grid,68,64,0.4,12,0.9615,4.089178211,0
Italian-Grid,68,64,0.4,13,0.6125,3.265528378,0
Italian-Grid,68,64,0.4,14,0.386,2.624585343,0
Italian-Grid,68,64,0.4,15,0.243,2.101227874,0
Italian-Grid,68,64,0.4,16,0.1535,1.642341741,0
Italian-Grid,68,64,0.4,17,0.103,1.314250595,0
Italian-Grid,68,64,0.4,18,0.0625,0.957628465,0
Italian-Grid,68,64,0.4,19,0.04,0.748785911,0
Italian-Grid,68,64,0.4,20,0.0275,0.609039584,0
Italian-Grid,68,64,0.4,21,0.0165,0.404115583,0
Italian-Grid,68,64,0.4,22,0.0075,0.241811882,0
Italian-Grid,68,64,0.4,23,0.002,0.063229732,0
Italian-Grid,68,64,0.4,24,0,0,0
Italian-Grid,68,64,0.4,25,0,0,0
Italian-Grid,68,64,0.4,26,0,0,0
Italian-Grid,68,64,0.4,27,0,0,0
Italian-Grid,68,64,0.4,28,0,0,0
Italian-Grid,68,64,0.4,29,0,0,0
Italian-Grid,68,64,0.4,30,0,0,0
Italian-Grid,68,64,0.4,31,0,0,0
Italian-Grid,68,64,0.4,32,0,0,0
Italian-Grid,68,64,0.4,33,0,0,0
Italian-Grid,68,64,0.4,34,0,0,0
Italian-Grid,68,64,0.4,35,0,0,0
Italian-Grid,68,64,0.4,36,0,0,0
Italian-Grid,68,64,0.4,37,0,0,0
Italian-Grid,68,64,0.4,38,0,0,0
Italian-Grid,68,64,0.4,39,0,0,0
Italian-Grid,68,64,0.4,40,0,0,0
Italian-Grid,68,64,0.4,41,0,0,0
Italian-Grid,68,64,0.4,42,0,0,0
Italian-Grid,68,64,0.4,43,0,0,0
Italian-Grid,68,64,0.4,44,0,0,0
Italian-Grid,68,64,0.4,45,0,0,0
Italian-Grid,68,64,0.4,46,0,0,0
Italian-Grid,68,64,0.4,47,0,0,0
Italian-Grid,68,64,0.4,48,0,0,0
Italian-Grid,68,64,0.4,49,0,0,0
Italian-Grid,68,64,0.4,50,0,0,0
Italian-Grid,68,64,0.4,51,0,0,0
Italian-Grid,68,64,0.4,52,0,0,0
Italian-Grid,68,64,0.4,53,0,0,0
Italian-Grid,68,64,0.4,54,0,0,0
Italian-Grid,68,64,0.4,55,0,0,0
Italian-Grid,68,64,0.4,56,0,0,0
Italian-Grid,68,64,0.4,57,0,0,0
Italian-Grid,68,64,0.4,58,0,0,0
Italian-Grid,68,64,0.4,59,0,0,0
Italian-Grid,68,64,0.4,60,0,0,0
Italian-Grid,68,64,0.4,61,0,0,0
Italian-Grid,68,64,0.4,62,0,0,0
Italian-Grid,68,64,0.4,63,0,0,0
Italian-Grid,68,64,0.4,64,0,0,0
Italian-Grid,68,64,0.4,65,0,0,0
Italian-Grid,68,64,0.4,66,0,0,0
Italian-Grid,68,64,0.4,67,0,0,0
Italian-Grid,68,64,0.4,68,0,0,0
Italian-Grid,68,64,0.4,69,0,0,0
Italian-Grid,68,64,0.4,70,0,0,0
Italian-Grid,68,64,0.4,71,0,0,0
Italian-Grid,68,64,0.4,72,0,0,0
Italian-Grid,68,64,0.4,73,0,0,0
Italian-Grid,68,64,0.4,74,0,0,0
Italian-Grid,68,64,0.4,75,0,0,0
Italian-Grid,68,64,0.4,76,0,0,0
Italian-Grid,68,64,0.4,77,0,0,0
Italian-Grid,68,64,0.4,78,0,0,0
Italian-Grid,68,64,0.4,79,0,0,0
Italian-Grid,68,64,0.4,80,0,0,0
Italian-Grid,68,64,0.4,81,0,0,0
Italian-Grid,68,64,0.4,82,0,0,0
Italian-Grid,68,64,0.4,83,0,0,0
Italian-Grid,68,64,0.4,84,0,0,0
Italian-Grid,68,64,0.4,85,0,0,0
Italian-Grid,68,64,0.4,86,0,0,0
Italian-Grid,68,64,0.4,87,0,0,0
Italian-Grid,68,64,0.4,88,0,0,0
Italian-Grid,68,64,0.4,89,0,0,0
Italian-Grid,68,64,0.4,90,0,0,0
Italian-Grid,68,64,0.4,91,0,0,0
Italian-Grid,68,64,0.4,92,0,0,0
Italian-Grid,68,64,0.4,93,0,0,0
Italian-Grid,68,64,0.4,94,0,0,0
Italian-Grid,68,64,0.4,95,0,0,0
Italian-Grid,68,64,0.4,96,0,0,0
Italian-Grid,68,64,0.4,97,0,0,0
Italian-Grid,68,64,0.4,98,0,0,0
Italian-Grid,68,64,0.4,99,0,0,0
Italian-Grid,68,64,0.4,100,0,0,0
Italian-Grid,68,64,0.4,101,0,0,0
Italian-Grid,68,64,0.4,102,0,0,0
Italian-Grid,68,64,0.4,103,0,0,0
Italian-Grid,68,64,0.4,104,0,0,0
Italian-Grid,68,64,0.4,105,0,0,0
Italian-Grid,68,64,0.4,106,0,0,0
Italian-Grid,68,64,0.4,107,0,0,0
Italian-Grid,68,64,0.4,108,0,0,0
Italian-Grid,68,64,0.4,109,0,0,0
Italian-Grid,68,64,0.4,110,0,0,0
Italian-Grid,68,64,0.4,111,0,0,0
Italian-Grid,68,64,0.4,112,0,0,0
Italian-Grid,68,64,0.4,113,0,0,0
Italian-Grid,68,64,0.4,114,0,0,0
Italian-Grid,68,64,0.4,115,0,0,0
Italian-Grid,68,64,0.4,116,0,0,0
Italian-Grid,68,64,0.4,117,0,0,0
Italian-Grid,68,64,0.4,118,0,0,0
Italian-Grid,68,64,0.4,119,0,0,0
Italian-Grid,68,64,0.4,120,0,0,0
Italian-Grid,68,64,0.4,121,0,0,0
Italian-Grid,68,64,0.4,122,0,0,0
Italian-Grid,68,64,0.4,123,0,0,0
Italian-Grid,68,64,0.4,124,0,0,0
Italian-Grid,68,64,0.4,125,0,0,0
Italian-Grid,68,64,0.4,126,0,0,0
Italian-Grid,68,64,0.5,1,85.2555,6.586570519,0
Italian-Grid,68,64,0.5,2,85.6085,14.35256862,0
Italian-Grid,68,64,0.5,3,73.238,20.02085846,0
Italian-Grid,68,64,0.5,4,61.7125,24.55127749,0
Italian-Grid,68,64,0.5,5,50.77,27.30096649,0
Italian-Grid,68,64,0.5,6,41.215,28.32180851,0
Italian-Grid,68,64,0.5,7,32.4515,27.63817255,0
Italian-Grid,68,64,0.5,8,25.404,26.54209912,0
Italian-Grid,68,64,0.5,9,19.5365,24.62553301,0
Italian-Grid,68,64,0.5,10,14.9445,22.41271033,0
Italian-Grid,68,64,0.5,11,11.248,20.01991245,0
Italian-Grid,68,64,0.5,12,8.3695,17.49285482,0
Italian-Grid,68,64,0.5,13,6.2195,15.2549886,0
Italian-Grid,68,64,0.5,14,4.568,13.22803335,0
Italian-Grid,68,64,0.5,15,3.326,11.14898533,0
Italian-Grid,68,64,0.5,16,2.4055,9.382434907,0
Italian-Grid,68,64,0.5,17,1.773,7.929054543,0
Italian-Grid,68,64,0.5,18,1.2745,6.450888057,0
Italian-Grid,68,64,0.5,19,0.869,5.141016828,0
Italian-Grid,68,64,0.5,20,0.622,4.303065673,0
Italian-Grid,68,64,0.5,21,0.437,3.526790343,0
Italian-Grid,68,64,0.5,22,0.3065,2.801514232,0
Italian-Grid,68,64,0.5,23,0.208,2.186121123,0
Italian-Grid,68,64,0.5,24,0.134,1.662957219,0
Italian-Grid,68,64,0.5,25,0.076,1.198725353,0
Italian-Grid,68,64,0.5,26,0.053,0.945324187,0
Italian-Grid,68,64,0.5,27,0.0335,0.691098082,0
Italian-Grid,68,64,0.5,28,0.023,0.608815512,0
Italian-Grid,68,64,0.5,29,0.0145,0.428230593,0
Italian-Grid,68,64,0.5,30,0.007,0.232331636,0
Italian-Grid,68,64,0.5,31,0.0045,0.201246118,0
Italian-Grid,68,64,0.5,32,0.0035,0.156524758,0
Italian-Grid,68,64,0.5,33,0.001,0.04472136,0
Italian-Grid,68,64,0.5,34,0,0,0
Italian-Grid,68,64,0.5,35,0,0,0
Italian-Grid,68,64,0.5,36,0,0,0
Italian-Grid,68,64,0.5,37,0,0,0
Italian-Grid,68,64,0.5,38,0,0,0
Italian-Grid,68,64,0.5,39,0,0,0
Italian-Grid,68,64,0.5,40,0,0,0
Italian-Grid,68,64,0.5,41,0,0,0
Italian-Grid,68,64,0.5,42,0,0,0
Italian-Grid,68,64,0.5,43,0,0,0
Italian-Grid,68,64,0.5,44,0,0,0
Italian-Grid,68,64,0.5,45,0,0,0
Italian-Grid,68,64,0.5,46,0,0,0
Italian-Grid,68,64,0.5,47,0,0,0
Italian-Grid,68,64,0.5,48,0,0,0
Italian-Grid,68,64,0.5,49,0,0,0
Italian-Grid,68,64,0.5,50,0,0,0
Italian-Grid,68,64,0.5,51,0,0,0
Italian-Grid,68,64,0.5,52,0,0,0
Italian-Grid,68,64,0.5,53,0,0,0
Italian-Grid,68,64,0.5,54,0,0,0
Italian-Grid,68,64,0.5,55,0,0,0
Italian-Grid,68,64,0.5,56,0,0,0
Italian-Grid,68,64,0.5,57,0,0,0
Italian-Grid,68,64,0.5,58,0,0,0
Italian-Grid,68,64,0.5,59,0,0,0
Italian-Grid,68,64,0.5,60,0,0,0
Italian-Grid,68,64,0.5,61,0,0,0
Italian-Grid,68,64,0.5,62,0,0,0
Italian-Grid,68,64,0.5,63,0,0,0
Italian-Grid,68,64,0.5,64,0,0,0
Italian-Grid,68,64,0.5,65,0,0,0
Italian-Grid,68,64,0.5,66,0,0,0
Italian-Grid,68,64,0.5,67,0,0,0
Italian-Grid,68,64,0.5,68,0,0,0
Italian-Grid,68,64,0.5,69,0,0,0
Italian-Grid,68,64,0.5,70,0,0,0
Italian-Grid,68,64,0.5,71,0,0,0
Italian-Grid,68,64,0.5,72,0,0,0
Italian-Grid,68,64,0.5,73,0,0,0
Italian-Grid,68,64,0.5,74,0,0,0
Italian-Grid,68,64,0.5,75,0,0,0
Italian-Grid,68,64,0.5,76,0,0,0
Italian-Grid,68,64,0.5,77,0,0,0
Italian-Grid,68,64,0.5,78,0,0,0
Italian-Grid,68,64,0.5,79,0,0,0
Italian-Grid,68,64,0.5,80,0,0,0
Italian-Grid,68,64,0.5,81,0,0,0
Italian-Grid,68,64,0.5,82,0,0,0
Italian-Grid,68,64,0.5,83,0,0,0
Italian-Grid,68,64,0.5,84,0,0,0
Italian-Grid,68,64,0.5,85,0,0,0
Italian-Grid,68,64,0.5,86,0,0,0
Italian-Grid,68,64,0.5,87,0,0,0
Italian-Grid,68,64,0.5,88,0,0,0
Italian-Grid,68,64,0.5,89,0,0,0
Italian-Grid,68,64,0.5,90,0,0,0
Italian-Grid,68,64,0.5,91,0,0,0
Italian-Grid,68,64,0.5,92,0,0,0
Italian-Grid,68,64,0.5,93,0,0,0
Italian-Grid,68,64,0.5,94,0,0,0
Italian-Grid,68,64,0.5,95,0,0,0
Italian-Grid,68,64,0.5,96,0,0,0
Italian-Grid,68,64,0.5,97,0,0,0
Italian-Grid,68,64,0.5,98,0,0,0
Italian-Grid,68,64,0.5,99,0,0,0
Italian-Grid,68,64,0.5,100,0,0,0
Italian-Grid,68,64,0.5,101,0,0,0
Italian-Grid,68,64,0.5,102,0,0,0
Italian-Grid,68,64,0.5,103,0,0,0
Italian-Grid,68,64,0.5,104,0,0,0
Italian-Grid,68,64,0.5,105,0,0,0
Italian-Grid,68,64,0.5,106,0,0,0
Italian-Grid,68,64,0.5,107,0,0,0
Italian-Grid,68,64,0.5,108,0,0,0
Italian-Grid,68,64,0.5,109,0,0,0
Italian-Grid,68,64,0.5,110,0,0,0
Italian-Grid,68,64,0.5,111,0,0,0
Italian-Grid,68,64,0.5,112,0,0,0
Italian-Grid,68,64,0.5,113,0,0,0
Italian-Grid,68,64,0.5,114,0,0,0
Italian-Grid,68,64,0.5,115,0,0,0
Italian-Grid,68,64,0.5,116,0,0,0
Italian-Grid,68,64,0.5,117,0,0,0
Italian-Grid,68,64,0.5,118,0,0,0
Italian-Grid,68,64,0.5,119,0,0,0
Italian-Grid,68,64,0.5,120,0,0,0
Italian-Grid,68,64,0.5,121,0,0,0
Italian-Grid,68,64,0.5,122,0,0,0
Italian-Grid,68,64,0.5,123,0,0,0
Italian-Grid,68,64,0.5,124,0,0,0
Italian-Grid,68,64,0.5,125,0,0,0
Italian-Grid,68,64,0.5,126,0,0,0
