"Network","s","t","p","Term","Mean","SD"
"Zachary",34,1,0.6,"x^2*y^17",4.1735,1.3012472371483
"Zachary",34,1,0.6,"x^2*y^12",2.962,1.10506406298081
"Zachary",34,1,0.6,"x^3*y^6",1.818,0.863277837264548
"Zachary",34,1,0.6,"x^4*y^5",1.8165,0.831969853371178
"Zachary",34,1,0.6,"x^2*y^16",1.8055,0.843223139288359
"Zachary",34,1,0.6,"x^4*y^16",1.798,0.824339594999501
"Zachary",34,1,0.6,"x^4*y^17",1.7915,0.845212956876097
"Zachary",34,1,0.6,"x^5*y^17",1.786,0.83339742958436
"Zachary",34,1,0.6,"x^3*y^16",1.772,0.867981967755191
"Zachary",34,1,0.6,"x^2*y^4",1.772,0.858128307478577
"Zachary",34,1,0.8,"x^2*y^17",5.6055,1.05944842511693
"Zachary",34,1,0.8,"x^2*y^12",4.002,0.876002106073337
"Zachary",34,1,0.8,"x^3*y^6",2.4325,0.686060558219734
"Zachary",34,1,0.8,"x^4*y^17",2.4195,0.678785772584054
"Zachary",34,1,0.8,"x^3*y^4",2.406,0.702431993400554
"Zachary",34,1,0.8,"x^4*y^16",2.405,0.684258068678972
"Zachary",34,1,0.8,"x^4*y^5",2.4045,0.69146135785357
"Zachary",34,1,0.8,"x^5*y^17",2.402,0.697595383915225
"Zachary",34,1,0.8,"x^3*y^16",2.4,0.705867639548861
"Zachary",34,1,0.8,"x^2*y^16",2.3805,0.704959739358964
"Zachary",34,1,0.95,"x^2*y^17",6.6545,0.5859192783143
"Zachary",34,1,0.95,"x^2*y^12",4.7615,0.482425245046867
"Zachary",34,1,0.95,"x^5*y^17",2.862,0.366091534326803
"Zachary",34,1,0.95,"x^2*y^16",2.8585,0.378879301047684
"Zachary",34,1,0.95,"x^4*y^17",2.8545,0.367963923128834
"Zachary",34,1,0.95,"x^3*y^16",2.8525,0.372576376838749
"Zachary",34,1,0.95,"x^3*y^6",2.851,0.377982056740275
"Zachary",34,1,0.95,"x^4*y^5",2.8485,0.373654330604356
"Zachary",34,1,0.95,"x^4*y^16",2.845,0.386069326368181
"Zachary",34,1,0.95,"x^3*y^4",2.844,0.381754984819081
"Erdos-Renyi",30,28,0.6,"x^3*y^4",5.992,1.57263237480765
"Erdos-Renyi",30,28,0.6,"x^4*y^5",4.762,1.3857547250791
"Erdos-Renyi",30,28,0.6,"x^4*y^6",2.9965,1.0635098855386
"Erdos-Renyi",30,28,0.6,"x^4*y^12",2.405,0.97336977781426
"Erdos-Renyi",30,28,0.6,"x^4*y^8",2.4015,0.981722791739048
"Erdos-Renyi",30,28,0.6,"x^3*y^7",2.394,0.977876332191617
"Erdos-Renyi",30,28,0.6,"x^4*y^7",2.3385,0.96508209066424
"Erdos-Renyi",30,28,0.6,"x^5*y^7",1.812,0.84083857235047
"Erdos-Renyi",30,28,0.6,"x^3*y^6",1.801,0.844840741168991
"Erdos-Renyi",30,28,0.6,"x^4*y^9",1.7735,0.824340656985557
"Erdos-Renyi",30,28,0.8,"x^3*y^4",8.0195,1.27394317597285
"Erdos-Renyi",30,28,0.8,"x^4*y^5",6.384,1.15421406379082
"Erdos-Renyi",30,28,0.8,"x^4*y^6",4.028,0.875556565648288
"Erdos-Renyi",30,28,0.8,"x^4*y^12",3.2365,0.779019374337247
"Erdos-Renyi",30,28,0.8,"x^4*y^8",3.2285,0.783961126283543
"Erdos-Renyi",30,28,0.8,"x^4*y^7",3.207,0.79841701814743
"Erdos-Renyi",30,28,0.8,"x^3*y^7",3.2005,0.786517040201459
"Erdos-Renyi",30,28,0.8,"x^4*y^4",2.425,0.688921117511342
"Erdos-Renyi",30,28,0.8,"x^4*y^9",2.419,0.697626218809604
"Erdos-Renyi",30,28,0.8,"x^5*y^7",2.3945,0.684181117761189
"Erdos-Renyi",30,28,0.95,"x^3*y^4",9.5025,0.68937026747811
"Erdos-Renyi",30,28,0.95,"x^4*y^5",7.61,0.617325315593518
"Erdos-Renyi",30,28,0.95,"x^4*y^6",4.7485,0.493324877456386
"Erdos-Renyi",30,28,0.95,"x^4*y^12",3.7975,0.448992814278399
"Erdos-Renyi",30,28,0.95,"x^3*y^7",3.797,0.435759042328998
"Erdos-Renyi",30,28,0.95,"x^4*y^8",3.7865,0.451685465650534
"Erdos-Renyi",30,28,0.95,"x^4*y^7",3.777,0.464089096343226
"Erdos-Renyi",30,28,0.95,"x^4*y^4",2.855,0.383469065586953
"Erdos-Renyi",30,28,0.95,"x^3*y^6",2.855,0.368840102904708
"Erdos-Renyi",30,28,0.95,"x^5*y^7",2.8385,0.395595750734256
"Barabasi-Albert",4,2,0.6,"x^2*y^11",5.3635,1.48204790171961
"Barabasi-Albert",4,2,0.6,"x^2*y^8",4.2125,1.28107936216539
"Barabasi-Albert",4,2,0.6,"x^2*y^3",3.5945,1.21152946799734
"Barabasi-Albert",4,2,0.6,"x^3*y^11",2.409,0.979386848645442
"Barabasi-Albert",4,2,0.6,"x^2*y^4",2.3775,0.984620987611285
"Barabasi-Albert",4,2,0.6,"x^2*y^6",2.377,0.97434371391025
"Barabasi-Albert",4,2,0.6,"x^2*y^12",2.3695,1.000234964892
"Barabasi-Albert",4,2,0.6,"x^3*y^12",1.82,0.858468685650281
"Barabasi-Albert",4,2,0.6,"x^4*y^11",1.8145,0.866293819954434
"Barabasi-Albert",4,2,0.6,"x^6*y^8",1.8025,0.862476482485998
"Barabasi-Albert",4,2,0.8,"x^2*y^11",7.1915,1.21842933115446
"Barabasi-Albert",4,2,0.8,"x^2*y^8",5.5805,1.05833822093646
"Barabasi-Albert",4,2,0.8,"x^2*y^3",4.767,0.984985328849635
"Barabasi-Albert",4,2,0.8,"x^2*y^4",3.216,0.804156286841577
"Barabasi-Albert",4,2,0.8,"x^3*y^11",3.1945,0.814248887395809
"Barabasi-Albert",4,2,0.8,"x^2*y^12",3.1885,0.806407401037605
"Barabasi-Albert",4,2,0.8,"x^2*y^6",3.188,0.80372818134911
"Barabasi-Albert",4,2,0.8,"x^6*y^8",2.4265,0.674407267592284
"Barabasi-Albert",4,2,0.8,"x^4*y^8",2.425,0.690371861139579
"Barabasi-Albert",4,2,0.8,"x^3*y^12",2.422,0.676864146292495
"Barabasi-Albert",4,2,0.95,"x^2*y^11",8.5475,0.653419642048131
"Barabasi-Albert",4,2,0.95,"x^2*y^8",6.6415,0.584079039310675
"Barabasi-Albert",4,2,0.95,"x^2*y^3",5.6865,0.536061032640275
"Barabasi-Albert",4,2,0.95,"x^2*y^6",3.804,0.432061730160558
"Barabasi-Albert",4,2,0.95,"x^3*y^11",3.801,0.437601128167749
"Barabasi-Albert",4,2,0.95,"x^2*y^4",3.8,0.435998907709368
"Barabasi-Albert",4,2,0.95,"x^2*y^12",3.794,0.444592882776713
"Barabasi-Albert",4,2,0.95,"x^4*y^8",2.8745,0.34030523626138
"Barabasi-Albert",4,2,0.95,"x^6*y^8",2.863,0.360965577408757
"Barabasi-Albert",4,2,0.95,"x^3*y^4",2.8565,0.361902247324204
"Watts-Strogatz",2,17,0.6,"x^4*y^4",22.133,2.99713236297642
"Watts-Strogatz",2,17,0.6,"x^4*y^5",11.985,2.20163543741911
"Watts-Strogatz",2,17,0.6,"x^3*y^4",5.994,1.5143020026658
"Watts-Strogatz",2,17,0.6,"x^3*y^3",0.581,0.493518774101042
"Watts-Strogatz",2,17,0.8,"x^4*y^4",29.6155,2.44717267004977
"Watts-Strogatz",2,17,0.8,"x^4*y^5",15.932,1.77875180365038
"Watts-Strogatz",2,17,0.8,"x^3*y^4",8.041,1.23979334720424
"Watts-Strogatz",2,17,0.8,"x^3*y^3",0.7985,0.401220935544944
"Watts-Strogatz",2,17,0.95,"x^4*y^4",35.1915,1.31821720452251
"Watts-Strogatz",2,17,0.95,"x^4*y^5",19.021,0.977259698472791
"Watts-Strogatz",2,17,0.95,"x^3*y^4",9.4785,0.707663863760215
"Watts-Strogatz",2,17,0.95,"x^3*y^3",0.9475,0.2230888484823
"IEEE-14-Bus",4,2,0.6,"x^2*y^4",4.101,1.32313050647643
"IEEE-14-Bus",4,2,0.6,"x^4*y^5",1.805,0.837451886875548
"IEEE-14-Bus",4,2,0.6,"x^3*y^4",1.216,0.675701329096718
"IEEE-14-Bus",4,2,0.6,"x^4*y^4",1.202,0.693856410476389
"IEEE-14-Bus",4,2,0.6,"x^2*y^3",1.1995,0.686247198616362
"IEEE-14-Bus",4,2,0.6,"x^2*y^2",0.607,0.488538980192557
"IEEE-14-Bus",4,2,0.6,"x^3*y^5",0.593,0.491397736938149
"IEEE-14-Bus",4,2,0.6,"x^2*y^5",0.592,0.491586033583347
"IEEE-14-Bus",4,2,0.6,"x^1*y^3",0.5795,0.493762747506748
"IEEE-14-Bus",4,2,0.8,"x^2*y^4",5.585,1.04274573090935
"IEEE-14-Bus",4,2,0.8,"x^4*y^5",2.411,0.679197802431231
"IEEE-14-Bus",4,2,0.8,"x^3*y^4",1.613,0.566031090663577
"IEEE-14-Bus",4,2,0.8,"x^2*y^3",1.6005,0.5657382609387
"IEEE-14-Bus",4,2,0.8,"x^4*y^4",1.59,0.577119167301376
"IEEE-14-Bus",4,2,0.8,"x^2*y^5",0.8145,0.388799861967997
"IEEE-14-Bus",4,2,0.8,"x^2*y^2",0.794,0.404531609285919
"IEEE-14-Bus",4,2,0.8,"x^3*y^5",0.7825,0.412648627096616
"IEEE-14-Bus",4,2,0.8,"x^1*y^3",0.7735,0.418670983824229
"IEEE-14-Bus",4,2,0.95,"x^2*y^4",6.662,0.560279355748754
"IEEE-14-Bus",4,2,0.95,"x^4*y^5",2.8365,0.390952902644351
"IEEE-14-Bus",4,2,0.95,"x^2*y^3",1.9085,0.296937427613898
"IEEE-14-Bus",4,2,0.95,"x^4*y^4",1.9045,0.308913359587872
"IEEE-14-Bus",4,2,0.95,"x^3*y^4",1.893,0.321873890523448
"IEEE-14-Bus",4,2,0.95,"x^1*y^3",0.9535,0.210617971609695
"IEEE-14-Bus",4,2,0.95,"x^3*y^5",0.95,0.217999453854684
"IEEE-14-Bus",4,2,0.95,"x^2*y^5",0.9475,0.2230888484823
"IEEE-14-Bus",4,2,0.95,"x^2*y^2",0.9465,0.225084609737695
"IEEE-118-Bus",49,100,0.6,"x^2*y^5",13.2305,2.26405227774409
"IEEE-118-Bus",49,100,0.6,"x^2*y^4",10.77,2.13644147850943
"IEEE-118-Bus",49,100,0.6,"x^2*y^2",9.0895,1.86982295122679
"IEEE-118-Bus",49,100,0.6,"x^2*y^3",8.4025,1.85181218112882
"IEEE-118-Bus",49,100,0.6,"x^2*y^6",7.2065,1.73099853493987
"IEEE-118-Bus",49,100,0.6,"x^3*y^4",7.1995,1.71615044100687
"IEEE-118-Bus",49,100,0.6,"x^3*y^5",6.572,1.63986602510392
"IEEE-118-Bus",49,100,0.6,"x^2*y^7",5.4465,1.49340311920065
"IEEE-118-Bus",49,100,0.6,"x^5*y^6",4.1715,1.29186772198455
"IEEE-118-Bus",49,100,0.6,"x^4*y^4",3.6595,1.18121013316401
"IEEE-118-Bus",49,100,0.8,"x^2*y^5",17.5855,1.8969683693982
"IEEE-118-Bus",49,100,0.8,"x^2*y^4",14.3695,1.74799814037355
"IEEE-118-Bus",49,100,0.8,"x^2*y^2",12.0075,1.54357865608908
"IEEE-118-Bus",49,100,0.8,"x^2*y^3",11.1915,1.47543763273954
"IEEE-118-Bus",49,100,0.8,"x^3*y^4",9.629,1.34880266692988
"IEEE-118-Bus",49,100,0.8,"x^2*y^6",9.6195,1.37246551169434
"IEEE-118-Bus",49,100,0.8,"x^3*y^5",8.8135,1.30021653254977
"IEEE-118-Bus",49,100,0.8,"x^2*y^7",7.1475,1.18001693631278
"IEEE-118-Bus",49,100,0.8,"x^5*y^6",5.596,1.04275004858879
"IEEE-118-Bus",49,100,0.8,"x^3*y^6",4.8375,0.958933536155338
"IEEE-118-Bus",49,100,0.95,"x^2*y^5",20.925,1.0256222260049
"IEEE-118-Bus",49,100,0.95,"x^2*y^4",17.106,0.896195058450668
"IEEE-118-Bus",49,100,0.95,"x^2*y^2",14.232,0.853545704772198
"IEEE-118-Bus",49,100,0.95,"x^2*y^3",13.311,0.796615527183016
"IEEE-118-Bus",49,100,0.95,"x^2*y^6",11.3935,0.763511116233619
"IEEE-118-Bus",49,100,0.95,"x^3*y^4",11.389,0.751639195851554
"IEEE-118-Bus",49,100,0.95,"x^3*y^5",10.456,0.729609597718219
"IEEE-118-Bus",49,100,0.95,"x^2*y^7",8.5335,0.670897012514365
"IEEE-118-Bus",49,100,0.95,"x^5*y^6",6.656,0.589777855602836
"IEEE-118-Bus",49,100,0.95,"x^3*y^6",5.7155,0.517391144878224
"Venezuela-Grid",3,11,0.6,"x^2*y^3",10.865,2.03220075778944
"Venezuela-Grid",3,11,0.6,"x^2*y^6",8.9435,1.93783006031781
"Venezuela-Grid",3,11,0.6,"x^2*y^4",7.231,1.65831661844278
"Venezuela-Grid",3,11,0.6,"x^3*y^4",6.5705,1.61720048809953
"Venezuela-Grid",3,11,0.6,"x^3*y^3",4.8335,1.36003772054331
"Venezuela-Grid",3,11,0.6,"x^2*y^2",4.801,1.36577145446554
"Venezuela-Grid",3,11,0.6,"x^1*y^3",4.218,1.28386142167877
"Venezuela-Grid",3,11,0.6,"x^3*y^6",3.584,1.19985992178919
"Venezuela-Grid",3,11,0.6,"x^3*y^5",3.0155,1.12467426221909
"Venezuela-Grid",3,11,0.6,"x^4*y^4",2.4015,0.957473826307556
"Venezuela-Grid",3,11,0.8,"x^2*y^3",14.4445,1.73014925894534
"Venezuela-Grid",3,11,0.8,"x^2*y^6",11.974,1.59423799898218
"Venezuela-Grid",3,11,0.8,"x^2*y^4",9.579,1.38300952913523
"Venezuela-Grid",3,11,0.8,"x^3*y^4",8.7885,1.30561099108043
"Venezuela-Grid",3,11,0.8,"x^3*y^3",6.4045,1.11825980992847
"Venezuela-Grid",3,11,0.8,"x^2*y^2",6.393,1.12924248693412
"Venezuela-Grid",3,11,0.8,"x^1*y^3",5.604,1.04533744082119
"Venezuela-Grid",3,11,0.8,"x^3*y^6",4.81,0.962997238750413
"Venezuela-Grid",3,11,0.8,"x^3*y^5",4.0185,0.905299692790671
"Venezuela-Grid",3,11,0.8,"x^4*y^4",3.2165,0.790531606015885
"Venezuela-Grid",3,11,0.95,"x^2*y^3",17.072,0.957222093909524
"Venezuela-Grid",3,11,0.95,"x^2*y^6",14.238,0.864713747394169
"Venezuela-Grid",3,11,0.95,"x^2*y^4",11.404,0.734202646932972
"Venezuela-Grid",3,11,0.95,"x^3*y^4",10.454,0.717036310471979
"Venezuela-Grid",3,11,0.95,"x^3*y^3",7.5965,0.611452931421276
"Venezuela-Grid",3,11,0.95,"x^2*y^2",7.5925,0.617765786753881
"Venezuela-Grid",3,11,0.95,"x^1*y^3",6.649,0.58306859329949
"Venezuela-Grid",3,11,0.95,"x^3*y^6",5.736,0.493381913791363
"Venezuela-Grid",3,11,0.95,"x^3*y^5",4.751,0.495097526534308
"Venezuela-Grid",3,11,0.95,"x^4*y^4",3.798,0.431612261841906
"Italian-Grid",68,64,0.6,"x^2*y^3",14.4035,2.40303454771644
"Italian-Grid",68,64,0.6,"x^3*y^4",13.2665,2.29980919016243
"Italian-Grid",68,64,0.6,"x^2*y^4",13.2375,2.35899898009602
"Italian-Grid",68,64,0.6,"x^3*y^3",10.279,1.94577800018733
"Italian-Grid",68,64,0.6,"x^2*y^5",9.625,1.997591095568
"Italian-Grid",68,64,0.6,"x^2*y^2",9.004,1.92868969042741
"Italian-Grid",68,64,0.6,"x^3*y^5",7.83,1.76200236270077
"Italian-Grid",68,64,0.6,"x^4*y^5",5.3345,1.50922119794023
"Italian-Grid",68,64,0.6,"x^4*y^4",3.639,1.22492008498812
"Italian-Grid",68,64,0.6,"x^1*y^3",3.565,1.2018723928206
"Italian-Grid",68,64,0.8,"x^2*y^3",19.26,1.97594336358309
"Italian-Grid",68,64,0.8,"x^2*y^4",17.528,1.88520370159255
"Italian-Grid",68,64,0.8,"x^3*y^4",17.517,1.85699628906705
"Italian-Grid",68,64,0.8,"x^3*y^3",13.6305,1.63471890640302
"Italian-Grid",68,64,0.8,"x^2*y^5",12.8105,1.58424893004104
"Italian-Grid",68,64,0.8,"x^2*y^2",12.012,1.56974139399521
"Italian-Grid",68,64,0.8,"x^3*y^5",10.429,1.4383996304047
"Italian-Grid",68,64,0.8,"x^4*y^5",7.1995,1.19306808511831
"Italian-Grid",68,64,0.8,"x^4*y^4",4.8015,0.984673824812377
"Italian-Grid",68,64,0.8,"x^1*y^3",4.799,0.987971175450864
"Italian-Grid",68,64,0.95,"x^2*y^3",22.7935,1.05897047136812
"Italian-Grid",68,64,0.95,"x^3*y^4",20.914,1.02084526865302
"Italian-Grid",68,64,0.95,"x^2*y^4",20.888,1.02175241080924
"Italian-Grid",68,64,0.95,"x^3*y^3",16.1635,0.885527994992229
"Italian-Grid",68,64,0.95,"x^2*y^5",15.185,0.868419297366208
"Italian-Grid",68,64,0.95,"x^2*y^2",14.2215,0.837728264010569
"Italian-Grid",68,64,0.95,"x^3*y^5",12.348,0.78434915809281
"Italian-Grid",68,64,0.95,"x^4*y^5",8.5585,0.653292542107123
"Italian-Grid",68,64,0.95,"x^4*y^4",5.725,0.52679574493198
"Italian-Grid",68,64,0.95,"x^1*y^3",5.704,0.533410032837372
