"Network","s","t","p","k","E_dk_mean","E_dk_sd"
"Zachary",34,1,0.6,1,46.6205,4.29542839569597
"Zachary",34,1,0.6,2,136.1885,23.5520767217873
"Zachary",34,1,0.6,3,125.4695,22.4200445795604
"Zachary",34,1,0.6,4,98.6125,21.2962698448496
"Zachary",34,1,0.6,5,37.6275,17.35532619756
"Zachary",34,1,0.6,6,11.519,11.7160262732642
"Zachary",34,1,0.6,7,2.987,6.13348520992838
"Zachary",34,1,0.6,8,0.701,2.48991944637266
"Zachary",34,1,0.6,9,0.1335,0.835479959892331
"Zachary",34,1,0.6,10,0.018,0.16938224574195
"Zachary",34,1,0.6,11,0.0025,0.0499499499374061
"Zachary",34,1,0.6,12,0,0
"Zachary",34,1,0.6,13,0,0
"Zachary",34,1,0.6,14,0,0
"Zachary",34,1,0.6,15,0,0
"Zachary",34,1,0.6,16,0,0
"Zachary",34,1,0.6,17,0,0
"Zachary",34,1,0.6,18,0,0
"Zachary",34,1,0.6,19,0,0
"Zachary",34,1,0.6,20,0,0
"Zachary",34,1,0.6,21,0,0
"Zachary",34,1,0.6,22,0,0
"Zachary",34,1,0.6,23,0,0
"Zachary",34,1,0.6,24,0,0
"Zachary",34,1,0.6,25,0,0
"Zachary",34,1,0.6,26,0,0
"Zachary",34,1,0.6,27,0,0
"Zachary",34,1,0.6,28,0,0
"Zachary",34,1,0.6,29,0,0
"Zachary",34,1,0.6,30,0,0
"Zachary",34,1,0.6,31,0,0
"Zachary",34,1,0.6,32,0,0
"Zachary",34,1,0.6,33,0,0
"Zachary",34,1,0.8,1,62.4755,3.51448083474201
"Zachary",34,1,0.8,2,206.304,19.9747861074911
"Zachary",34,1,0.8,3,150.325,15.5810063500224
"Zachary",34,1,0.8,4,93.242,14.7035211009602
"Zachary",34,1,0.8,5,21.139,10.5816191734614
"Zachary",34,1,0.8,6,2.526,4.57895265357722
"Zachary",34,1,0.8,7,0.2675,1.46629422674294
"Zachary",34,1,0.8,8,0.0295,0.456874290213981
"Zachary",34,1,0.8,9,0.001,0.0316148659632607
"Zachary",34,1,0.8,10,0,0
"Zachary",34,1,0.8,11,0,0
"Zachary",34,1,0.8,12,0,0
"Zachary",34,1,0.8,13,0,0
"Zachary",34,1,0.8,14,0,0
"Zachary",34,1,0.8,15,0,0
"Zachary",34,1,0.8,16,0,0
"Zachary",34,1,0.8,17,0,0
"Zachary",34,1,0.8,18,0,0
"Zachary",34,1,0.8,19,0,0
"Zachary",34,1,0.8,20,0,0
"Zachary",34,1,0.8,21,0,0
"Zachary",34,1,0.8,22,0,0
"Zachary",34,1,0.8,23,0,0
"Zachary",34,1,0.8,24,0,0
"Zachary",34,1,0.8,25,0,0
"Zachary",34,1,0.8,26,0,0
"Zachary",34,1,0.8,27,0,0
"Zachary",34,1,0.8,28,0,0
"Zachary",34,1,0.8,29,0,0
"Zachary",34,1,0.8,30,0,0
"Zachary",34,1,0.8,31,0,0
"Zachary",34,1,0.8,32,0,0
"Zachary",34,1,0.8,33,0,0
"Zachary",34,1,0.95,1,74.09,1.93177790725059
"Zachary",34,1,0.95,2,251.9855,10.3966982940599
"Zachary",34,1,0.95,3,143.1395,8.47968114059267
"Zachary",34,1,0.95,4,78.1685,7.07312677047115
"Zachary",34,1,0.95,5,10.9245,4.72016310309929
"Zachary",34,1,0.95,6,0.2095,1.07665655836591
"Zachary",34,1,0.95,7,0.0095,0.359825634500409
"Zachary",34,1,0.95,8,0,0
"Zachary",34,1,0.95,9,0,0
"Zachary",34,1,0.95,10,0,0
"Zachary",34,1,0.95,11,0,0
"Zachary",34,1,0.95,12,0,0
"Zachary",34,1,0.95,13,0,0
"Zachary",34,1,0.95,14,0,0
"Zachary",34,1,0.95,15,0,0
"Zachary",34,1,0.95,16,0,0
"Zachary",34,1,0.95,17,0,0
"Zachary",34,1,0.95,18,0,0
"Zachary",34,1,0.95,19,0,0
"Zachary",34,1,0.95,20,0,0
"Zachary",34,1,0.95,21,0,0
"Zachary",34,1,0.95,22,0,0
"Zachary",34,1,0.95,23,0,0
"Zachary",34,1,0.95,24,0,0
"Zachary",34,1,0.95,25,0,0
"Zachary",34,1,0.95,26,0,0
"Zachary",34,1,0.95,27,0,0
"Zachary",34,1,0.95,28,0,0
"Zachary",34,1,0.95,29,0,0
"Zachary",34,1,0.95,30,0,0
"Zachary",34,1,0.95,31,0,0
"Zachary",34,1,0.95,32,0,0
"Zachary",34,1,0.95,33,0,0
"Erdos-Renyi",30,28,0.6,1,46.6205,4.29542839569597
"Erdos-Renyi",30,28,0.6,2,106.207,18.502684282634
"Erdos-Renyi",30,28,0.6,3,152.06,27.5392557143916
"Erdos-Renyi",30,28,0.6,4,116.8565,18.9132695119542
"Erdos-Renyi",30,28,0.6,5,55.8825,19.279666660066
"Erdos-Renyi",30,28,0.6,6,20.1765,14.7625985147417
"Erdos-Renyi",30,28,0.6,7,6.33,8.61482487365831
"Erdos-Renyi",30,28,0.6,8,1.8695,4.51161246934361
"Erdos-Renyi",30,28,0.6,9,0.5235,2.17940878710963
"Erdos-Renyi",30,28,0.6,10,0.147,1.07236466884707
"Erdos-Renyi",30,28,0.6,11,0.0425,0.580398295216781
"Erdos-Renyi",30,28,0.6,12,0.0145,0.316764770705298
"Erdos-Renyi",30,28,0.6,13,0.006,0.148239628621185
"Erdos-Renyi",30,28,0.6,14,0.0015,0.0499899939962977
"Erdos-Renyi",30,28,0.6,15,0,0
"Erdos-Renyi",30,28,0.6,16,0,0
"Erdos-Renyi",30,28,0.6,17,0,0
"Erdos-Renyi",30,28,0.6,18,0,0
"Erdos-Renyi",30,28,0.6,19,0,0
"Erdos-Renyi",30,28,0.6,20,0,0
"Erdos-Renyi",30,28,0.6,21,0,0
"Erdos-Renyi",30,28,0.6,22,0,0
"Erdos-Renyi",30,28,0.6,23,0,0
"Erdos-Renyi",30,28,0.6,24,0,0
"Erdos-Renyi",30,28,0.6,25,0,0
"Erdos-Renyi",30,28,0.6,26,0,0
"Erdos-Renyi",30,28,0.6,27,0,0
"Erdos-Renyi",30,28,0.6,28,0,0
"Erdos-Renyi",30,28,0.6,29,0,0
"Erdos-Renyi",30,28,0.6,30,0,0
"Erdos-Renyi",30,28,0.6,31,0,0
"Erdos-Renyi",30,28,0.6,32,0,0
"Erdos-Renyi",30,28,0.6,33,0,0
"Erdos-Renyi",30,28,0.8,1,62.4755,3.51448083474201
"Erdos-Renyi",30,28,0.8,2,172.638,16.9453394260526
"Erdos-Renyi",30,28,0.8,3,216.0825,15.020069740101
"Erdos-Renyi",30,28,0.8,4,87.537,18.6065776908781
"Erdos-Renyi",30,28,0.8,5,14.6985,11.4998139380733
"Erdos-Renyi",30,28,0.8,6,1.8945,3.89730217357034
"Erdos-Renyi",30,28,0.8,7,0.234,1.36167950911467
"Erdos-Renyi",30,28,0.8,8,0.0345,0.519080410183353
"Erdos-Renyi",30,28,0.8,9,0.0035,0.0740978761343658
"Erdos-Renyi",30,28,0.8,10,0,0
"Erdos-Renyi",30,28,0.8,11,0,0
"Erdos-Renyi",30,28,0.8,12,0,0
"Erdos-Renyi",30,28,0.8,13,0,0
"Erdos-Renyi",30,28,0.8,14,0,0
"Erdos-Renyi",30,28,0.8,15,0,0
"Erdos-Renyi",30,28,0.8,16,0,0
"Erdos-Renyi",30,28,0.8,17,0,0
"Erdos-Renyi",30,28,0.8,18,0,0
"Erdos-Renyi",30,28,0.8,19,0,0
"Erdos-Renyi",30,28,0.8,20,0,0
"Erdos-Renyi",30,28,0.8,21,0,0
"Erdos-Renyi",30,28,0.8,22,0,0
"Erdos-Renyi",30,28,0.8,23,0,0
"Erdos-Renyi",30,28,0.8,24,0,0
"Erdos-Renyi",30,28,0.8,25,0,0
"Erdos-Renyi",30,28,0.8,26,0,0
"Erdos-Renyi",30,28,0.8,27,0,0
"Erdos-Renyi",30,28,0.8,28,0,0
"Erdos-Renyi",30,28,0.8,29,0,0
"Erdos-Renyi",30,28,0.8,30,0,0
"Erdos-Renyi",30,28,0.8,31,0,0
"Erdos-Renyi",30,28,0.8,32,0,0
"Erdos-Renyi",30,28,0.8,33,0,0
"Erdos-Renyi",30,28,0.95,1,74.09,1.93177790725059
"Erdos-Renyi",30,28,0.95,2,223.862,9.66548844256806
"Erdos-Renyi",30,28,0.95,3,224.6035,6.56641810071036
"Erdos-Renyi",30,28,0.95,4,37.42,10.5490872411224
"Erdos-Renyi",30,28,0.95,5,0.797,1.98765348670023
"Erdos-Renyi",30,28,0.95,6,0.013,0.16384267518295
"Erdos-Renyi",30,28,0.95,7,0,0
"Erdos-Renyi",30,28,0.95,8,0,0
"Erdos-Renyi",30,28,0.95,9,0,0
"Erdos-Renyi",30,28,0.95,10,0,0
"Erdos-Renyi",30,28,0.95,11,0,0
"Erdos-Renyi",30,28,0.95,12,0,0
"Erdos-Renyi",30,28,0.95,13,0,0
"Erdos-Renyi",30,28,0.95,14,0,0
"Erdos-Renyi",30,28,0.95,15,0,0
"Erdos-Renyi",30,28,0.95,16,0,0
"Erdos-Renyi",30,28,0.95,17,0,0
"Erdos-Renyi",30,28,0.95,18,0,0
"Erdos-Renyi",30,28,0.95,19,0,0
"Erdos-Renyi",30,28,0.95,20,0,0
"Erdos-Renyi",30,28,0.95,21,0,0
"Erdos-Renyi",30,28,0.95,22,0,0
"Erdos-Renyi",30,28,0.95,23,0,0
"Erdos-Renyi",30,28,0.95,24,0,0
"Erdos-Renyi",30,28,0.95,25,0,0
"Erdos-Renyi",30,28,0.95,26,0,0
"Erdos-Renyi",30,28,0.95,27,0,0
"Erdos-Renyi",30,28,0.95,28,0,0
"Erdos-Renyi",30,28,0.95,29,0,0
"Erdos-Renyi",30,28,0.95,30,0,0
"Erdos-Renyi",30,28,0.95,31,0,0
"Erdos-Renyi",30,28,0.95,32,0,0
"Erdos-Renyi",30,28,0.95,33,0,0
"Barabasi-Albert",4,2,0.6,1,38.8945,3.92594909393182
"Barabasi-Albert",4,2,0.6,2,98.9515,19.6296665701389
"Barabasi-Albert",4,2,0.6,3,129.3665,28.9178370283671
"Barabasi-Albert",4,2,0.6,4,98.876,21.4738722077272
"Barabasi-Albert",4,2,0.6,5,45.5295,19.2599481450827
"Barabasi-Albert",4,2,0.6,6,15.9105,14.2660172919665
"Barabasi-Albert",4,2,0.6,7,4.8355,8.09445488281484
"Barabasi-Albert",4,2,0.6,8,1.3605,4.37356877182707
"Barabasi-Albert",4,2,0.6,9,0.419,2.73407691704058
"Barabasi-Albert",4,2,0.6,10,0.1065,1.05580069499588
"Barabasi-Albert",4,2,0.6,11,0.0275,0.402274362010762
"Barabasi-Albert",4,2,0.6,12,0.004,0.113975853792037
"Barabasi-Albert",4,2,0.6,13,5e-04,0.0223606797749979
"Barabasi-Albert",4,2,0.6,14,0,0
"Barabasi-Albert",4,2,0.6,15,0,0
"Barabasi-Albert",4,2,0.6,16,0,0
"Barabasi-Albert",4,2,0.6,17,0,0
"Barabasi-Albert",4,2,0.6,18,0,0
"Barabasi-Albert",4,2,0.6,19,0,0
"Barabasi-Albert",4,2,0.6,20,0,0
"Barabasi-Albert",4,2,0.6,21,0,0
"Barabasi-Albert",4,2,0.6,22,0,0
"Barabasi-Albert",4,2,0.6,23,0,0
"Barabasi-Albert",4,2,0.6,24,0,0
"Barabasi-Albert",4,2,0.6,25,0,0
"Barabasi-Albert",4,2,0.6,26,0,0
"Barabasi-Albert",4,2,0.6,27,0,0
"Barabasi-Albert",4,2,0.6,28,0,0
"Barabasi-Albert",4,2,0.6,29,0,0
"Barabasi-Albert",4,2,0.6,30,0,0
"Barabasi-Albert",4,2,0.6,31,0,0
"Barabasi-Albert",4,2,0.6,32,0,0
"Barabasi-Albert",4,2,0.6,33,0,0
"Barabasi-Albert",4,2,0.8,1,51.99,3.2112390175778
"Barabasi-Albert",4,2,0.8,2,162.43,18.3472453165415
"Barabasi-Albert",4,2,0.8,3,203.523,20.3397719791074
"Barabasi-Albert",4,2,0.8,4,95.3695,18.874827132974
"Barabasi-Albert",4,2,0.8,5,18.2035,13.0618296362617
"Barabasi-Albert",4,2,0.8,6,2.3025,4.67481771947904
"Barabasi-Albert",4,2,0.8,7,0.254,1.45861159116707
"Barabasi-Albert",4,2,0.8,8,0.0295,0.388207550868444
"Barabasi-Albert",4,2,0.8,9,0.0035,0.116165817901069
"Barabasi-Albert",4,2,0.8,10,0.001,0.0447213595499958
"Barabasi-Albert",4,2,0.8,11,5e-04,0.0223606797749979
"Barabasi-Albert",4,2,0.8,12,0,0
"Barabasi-Albert",4,2,0.8,13,0,0
"Barabasi-Albert",4,2,0.8,14,0,0
"Barabasi-Albert",4,2,0.8,15,0,0
"Barabasi-Albert",4,2,0.8,16,0,0
"Barabasi-Albert",4,2,0.8,17,0,0
"Barabasi-Albert",4,2,0.8,18,0,0
"Barabasi-Albert",4,2,0.8,19,0,0
"Barabasi-Albert",4,2,0.8,20,0,0
"Barabasi-Albert",4,2,0.8,21,0,0
"Barabasi-Albert",4,2,0.8,22,0,0
"Barabasi-Albert",4,2,0.8,23,0,0
"Barabasi-Albert",4,2,0.8,24,0,0
"Barabasi-Albert",4,2,0.8,25,0,0
"Barabasi-Albert",4,2,0.8,26,0,0
"Barabasi-Albert",4,2,0.8,27,0,0
"Barabasi-Albert",4,2,0.8,28,0,0
"Barabasi-Albert",4,2,0.8,29,0,0
"Barabasi-Albert",4,2,0.8,30,0,0
"Barabasi-Albert",4,2,0.8,31,0,0
"Barabasi-Albert",4,2,0.8,32,0,0
"Barabasi-Albert",4,2,0.8,33,0,0
"Barabasi-Albert",4,2,0.95,1,61.755,1.73363137340942
"Barabasi-Albert",4,2,0.95,2,213.632,10.5022723666086
"Barabasi-Albert",4,2,0.95,3,232.2075,7.09165633295723
"Barabasi-Albert",4,2,0.95,4,50.0175,12.3637221160248
"Barabasi-Albert",4,2,0.95,5,1.7505,2.95391478487077
"Barabasi-Albert",4,2,0.95,6,0.037,0.43672229526507
"Barabasi-Albert",4,2,0.95,7,5e-04,0.0223606797749979
"Barabasi-Albert",4,2,0.95,8,0,0
"Barabasi-Albert",4,2,0.95,9,0,0
"Barabasi-Albert",4,2,0.95,10,0,0
"Barabasi-Albert",4,2,0.95,11,0,0
"Barabasi-Albert",4,2,0.95,12,0,0
"Barabasi-Albert",4,2,0.95,13,0,0
"Barabasi-Albert",4,2,0.95,14,0,0
"Barabasi-Albert",4,2,0.95,15,0,0
"Barabasi-Albert",4,2,0.95,16,0,0
"Barabasi-Albert",4,2,0.95,17,0,0
"Barabasi-Albert",4,2,0.95,18,0,0
"Barabasi-Albert",4,2,0.95,19,0,0
"Barabasi-Albert",4,2,0.95,20,0,0
"Barabasi-Albert",4,2,0.95,21,0,0
"Barabasi-Albert",4,2,0.95,22,0,0
"Barabasi-Albert",4,2,0.95,23,0,0
"Barabasi-Albert",4,2,0.95,24,0,0
"Barabasi-Albert",4,2,0.95,25,0,0
"Barabasi-Albert",4,2,0.95,26,0,0
"Barabasi-Albert",4,2,0.95,27,0,0
"Barabasi-Albert",4,2,0.95,28,0,0
"Barabasi-Albert",4,2,0.95,29,0,0
"Barabasi-Albert",4,2,0.95,30,0,0
"Barabasi-Albert",4,2,0.95,31,0,0
"Barabasi-Albert",4,2,0.95,32,0,0
"Barabasi-Albert",4,2,0.95,33,0,0
"Watts-Strogatz",2,17,0.6,1,40.693,4.02216855936695
"Watts-Strogatz",2,17,0.6,2,52.933,9.40056893747257
"Watts-Strogatz",2,17,0.6,3,60.2485,16.4843748761525
"Watts-Strogatz",2,17,0.6,4,64.9885,22.5235659534993
"Watts-Strogatz",2,17,0.6,5,62.2915,23.2868346084873
"Watts-Strogatz",2,17,0.6,6,52.0575,19.8778207464705
"Watts-Strogatz",2,17,0.6,7,39.1035,16.3335905679192
"Watts-Strogatz",2,17,0.6,8,27.8905,14.5548078299056
"Watts-Strogatz",2,17,0.6,9,19.038,13.0056191342255
"Watts-Strogatz",2,17,0.6,10,12.3425,11.2099074377258
"Watts-Strogatz",2,17,0.6,11,7.8045,9.32092911730397
"Watts-Strogatz",2,17,0.6,12,4.8975,7.51153814825408
"Watts-Strogatz",2,17,0.6,13,3.0275,5.83316008937815
"Watts-Strogatz",2,17,0.6,14,1.81,4.33777686771427
"Watts-Strogatz",2,17,0.6,15,1.0485,3.18044106260065
"Watts-Strogatz",2,17,0.6,16,0.611,2.36399518540506
"Watts-Strogatz",2,17,0.6,17,0.357,1.75188057320452
"Watts-Strogatz",2,17,0.6,18,0.1885,1.18687492434672
"Watts-Strogatz",2,17,0.6,19,0.088,0.772369262165817
"Watts-Strogatz",2,17,0.6,20,0.0365,0.494256911886393
"Watts-Strogatz",2,17,0.6,21,0.015,0.303019653579149
"Watts-Strogatz",2,17,0.6,22,0.0055,0.153236714743474
"Watts-Strogatz",2,17,0.6,23,0.0015,0.0670820393249937
"Watts-Strogatz",2,17,0.6,24,5e-04,0.0223606797749979
"Watts-Strogatz",2,17,0.6,25,0,0
"Watts-Strogatz",2,17,0.6,26,0,0
"Watts-Strogatz",2,17,0.6,27,0,0
"Watts-Strogatz",2,17,0.6,28,0,0
"Watts-Strogatz",2,17,0.6,29,0,0
"Watts-Strogatz",2,17,0.6,30,0,0
"Watts-Strogatz",2,17,0.6,31,0,0
"Watts-Strogatz",2,17,0.6,32,0,0
"Watts-Strogatz",2,17,0.6,33,0,0
"Watts-Strogatz",2,17,0.8,1,54.387,3.28901806317782
"Watts-Strogatz",2,17,0.8,2,79.8865,8.06536687456998
"Watts-Strogatz",2,17,0.8,3,103.556,16.089104811854
"Watts-Strogatz",2,17,0.8,4,118.5055,19.3647738686382
"Watts-Strogatz",2,17,0.8,5,98.7995,12.7622387189145
"Watts-Strogatz",2,17,0.8,6,58.0525,14.5404764873177
"Watts-Strogatz",2,17,0.8,7,26.964,15.5290785348027
"Watts-Strogatz",2,17,0.8,8,10.4655,11.8594322299345
"Watts-Strogatz",2,17,0.8,9,3.9775,7.63447027095915
"Watts-Strogatz",2,17,0.8,10,1.557,4.85814283197684
"Watts-Strogatz",2,17,0.8,11,0.653,2.97775494496376
"Watts-Strogatz",2,17,0.8,12,0.276,1.7482425964631
"Watts-Strogatz",2,17,0.8,13,0.1065,1.06241334284521
"Watts-Strogatz",2,17,0.8,14,0.042,0.717978932054024
"Watts-Strogatz",2,17,0.8,15,0.025,0.520106003741126
"Watts-Strogatz",2,17,0.8,16,0.014,0.38062637614741
"Watts-Strogatz",2,17,0.8,17,0.008,0.238672332374577
"Watts-Strogatz",2,17,0.8,18,0.0035,0.111776549412206
"Watts-Strogatz",2,17,0.8,19,5e-04,0.0223606797749979
"Watts-Strogatz",2,17,0.8,20,0,0
"Watts-Strogatz",2,17,0.8,21,0,0
"Watts-Strogatz",2,17,0.8,22,0,0
"Watts-Strogatz",2,17,0.8,23,0,0
"Watts-Strogatz",2,17,0.8,24,0,0
"Watts-Strogatz",2,17,0.8,25,0,0
"Watts-Strogatz",2,17,0.8,26,0,0
"Watts-Strogatz",2,17,0.8,27,0,0
"Watts-Strogatz",2,17,0.8,28,0,0
"Watts-Strogatz",2,17,0.8,29,0,0
"Watts-Strogatz",2,17,0.8,30,0,0
"Watts-Strogatz",2,17,0.8,31,0,0
"Watts-Strogatz",2,17,0.8,32,0,0
"Watts-Strogatz",2,17,0.8,33,0,0
"Watts-Strogatz",2,17,0.95,1,64.6385,1.78533230960734
"Watts-Strogatz",2,17,0.95,2,97.233,4.40186315093959
"Watts-Strogatz",2,17,0.95,3,133.373,9.22287383090815
"Watts-Strogatz",2,17,0.95,4,146.4075,8.19383995795795
"Watts-Strogatz",2,17,0.95,5,84.468,9.09545708965937
"Watts-Strogatz",2,17,0.95,6,29.9205,8.61111231942127
"Watts-Strogatz",2,17,0.95,7,4.657,5.6328692162879
"Watts-Strogatz",2,17,0.95,8,0.26,1.59237804365576
"Watts-Strogatz",2,17,0.95,9,0.0235,0.378178872532318
"Watts-Strogatz",2,17,0.95,10,0.002,0.0894427190999916
"Watts-Strogatz",2,17,0.95,11,5e-04,0.0223606797749979
"Watts-Strogatz",2,17,0.95,12,0,0
"Watts-Strogatz",2,17,0.95,13,0,0
"Watts-Strogatz",2,17,0.95,14,0,0
"Watts-Strogatz",2,17,0.95,15,0,0
"Watts-Strogatz",2,17,0.95,16,0,0
"Watts-Strogatz",2,17,0.95,17,0,0
"Watts-Strogatz",2,17,0.95,18,0,0
"Watts-Strogatz",2,17,0.95,19,0,0
"Watts-Strogatz",2,17,0.95,20,0,0
"Watts-Strogatz",2,17,0.95,21,0,0
"Watts-Strogatz",2,17,0.95,22,0,0
"Watts-Strogatz",2,17,0.95,23,0,0
"Watts-Strogatz",2,17,0.95,24,0,0
"Watts-Strogatz",2,17,0.95,25,0,0
"Watts-Strogatz",2,17,0.95,26,0,0
"Watts-Strogatz",2,17,0.95,27,0,0
"Watts-Strogatz",2,17,0.95,28,0,0
"Watts-Strogatz",2,17,0.95,29,0,0
"Watts-Strogatz",2,17,0.95,30,0,0
"Watts-Strogatz",2,17,0.95,31,0,0
"Watts-Strogatz",2,17,0.95,32,0,0
"Watts-Strogatz",2,17,0.95,33,0,0
"IEEE-14-Bus",4,2,0.6,1,11.895,2.22000883322788
"IEEE-14-Bus",4,2,0.6,2,12.836,4.62382892167827
"IEEE-14-Bus",4,2,0.6,3,11.4505,6.27680244029054
"IEEE-14-Bus",4,2,0.6,4,7.756,5.14389870107523
"IEEE-14-Bus",4,2,0.6,5,4.208,3.72795987671826
"IEEE-14-Bus",4,2,0.6,6,1.961,2.62886562365474
"IEEE-14-Bus",4,2,0.6,7,0.8405,1.65088535678
"IEEE-14-Bus",4,2,0.6,8,0.279,0.854707120674132
"IEEE-14-Bus",4,2,0.6,9,0.063,0.349416722586386
"IEEE-14-Bus",4,2,0.6,10,0.011,0.129951697649015
"IEEE-14-Bus",4,2,0.6,11,0.0015,0.0499899939962977
"IEEE-14-Bus",4,2,0.6,12,0,0
"IEEE-14-Bus",4,2,0.6,13,0,0
"IEEE-14-Bus",4,2,0.8,1,15.964,1.77828151386986
"IEEE-14-Bus",4,2,0.8,2,20.669,4.36749086870758
"IEEE-14-Bus",4,2,0.8,3,21.4605,6.19601767811663
"IEEE-14-Bus",4,2,0.8,4,13.1645,4.13811572468381
"IEEE-14-Bus",4,2,0.8,5,5.6675,3.81893124681945
"IEEE-14-Bus",4,2,0.8,6,2.2445,2.88892587242182
"IEEE-14-Bus",4,2,0.8,7,0.8525,1.78194596318403
"IEEE-14-Bus",4,2,0.8,8,0.2355,0.808929498452574
"IEEE-14-Bus",4,2,0.8,9,0.043,0.303639751266653
"IEEE-14-Bus",4,2,0.8,10,0.0045,0.0805170261233478
"IEEE-14-Bus",4,2,0.8,11,0,0
"IEEE-14-Bus",4,2,0.8,12,0,0
"IEEE-14-Bus",4,2,0.8,13,0,0
"IEEE-14-Bus",4,2,0.95,1,19.002,0.976459285566062
"IEEE-14-Bus",4,2,0.95,2,26.966,2.52824840947443
"IEEE-14-Bus",4,2,0.95,3,29.0705,3.08355053338614
"IEEE-14-Bus",4,2,0.95,4,12.0885,2.60750211575021
"IEEE-14-Bus",4,2,0.95,5,2.4805,2.52047538136639
"IEEE-14-Bus",4,2,0.95,6,0.3535,1.12524256736835
"IEEE-14-Bus",4,2,0.95,7,0.0615,0.478364051829819
"IEEE-14-Bus",4,2,0.95,8,0.01,0.164053213099787
"IEEE-14-Bus",4,2,0.95,9,0.001,0.0316148659632607
"IEEE-14-Bus",4,2,0.95,10,0,0
"IEEE-14-Bus",4,2,0.95,11,0,0
"IEEE-14-Bus",4,2,0.95,12,0,0
"IEEE-14-Bus",4,2,0.95,13,0,0
"IEEE-118-Bus",49,100,0.6,1,107.586,6.58819445319251
"IEEE-118-Bus",49,100,0.6,2,162.2905,20.887538255553
"IEEE-118-Bus",49,100,0.6,3,200.228,39.4022497408755
"IEEE-118-Bus",49,100,0.6,4,219.328,58.4628973895888
"IEEE-118-Bus",49,100,0.6,5,223.01,73.8990286351357
"IEEE-118-Bus",49,100,0.6,6,215.223,85.5902279150913
"IEEE-118-Bus",49,100,0.6,7,203.7205,96.3077981045038
"IEEE-118-Bus",49,100,0.6,8,188.8485,102.721640443763
"IEEE-118-Bus",49,100,0.6,9,169.633,103.247044931773
"IEEE-118-Bus",49,100,0.6,10,149.3235,100.237116815797
"IEEE-118-Bus",49,100,0.6,11,128.0085,95.2682394424985
"IEEE-118-Bus",49,100,0.6,12,106.7125,88.0145904257579
"IEEE-118-Bus",49,100,0.6,13,86.755,79.3807257765536
"IEEE-118-Bus",49,100,0.6,14,68.8515,70.2411870623637
"IEEE-118-Bus",49,100,0.6,15,53.7435,61.4114923564533
"IEEE-118-Bus",49,100,0.6,16,41.2575,53.038681588274
"IEEE-118-Bus",49,100,0.6,17,30.9945,45.1577023196419
"IEEE-118-Bus",49,100,0.6,18,22.9825,38.2256824026409
"IEEE-118-Bus",49,100,0.6,19,16.695,31.7806699188397
"IEEE-118-Bus",49,100,0.6,20,12.017,26.6766852095024
"IEEE-118-Bus",49,100,0.6,21,8.5195,22.3251164647036
"IEEE-118-Bus",49,100,0.6,22,5.824,17.9604652822965
"IEEE-118-Bus",49,100,0.6,23,3.967,14.4070362096502
"IEEE-118-Bus",49,100,0.6,24,2.6985,11.7333470700706
"IEEE-118-Bus",49,100,0.6,25,1.7595,9.32744125310715
"IEEE-118-Bus",49,100,0.6,26,1.1715,7.52185993876975
"IEEE-118-Bus",49,100,0.6,27,0.7825,6.16158878359868
"IEEE-118-Bus",49,100,0.6,28,0.5055,4.70117222191764
"IEEE-118-Bus",49,100,0.6,29,0.3305,3.60593554234789
"IEEE-118-Bus",49,100,0.6,30,0.216,2.56332388017147
"IEEE-118-Bus",49,100,0.6,31,0.131,1.833990392663
"IEEE-118-Bus",49,100,0.6,32,0.068,1.14718525836436
"IEEE-118-Bus",49,100,0.6,33,0.037,0.764148520564386
"IEEE-118-Bus",49,100,0.6,34,0.017,0.425207479591258
"IEEE-118-Bus",49,100,0.6,35,0.0085,0.237604667439414
"IEEE-118-Bus",49,100,0.6,36,0.002,0.0707000654145724
"IEEE-118-Bus",49,100,0.6,37,0,0
"IEEE-118-Bus",49,100,0.6,38,0,0
"IEEE-118-Bus",49,100,0.6,39,0,0
"IEEE-118-Bus",49,100,0.6,40,0,0
"IEEE-118-Bus",49,100,0.6,41,0,0
"IEEE-118-Bus",49,100,0.6,42,0,0
"IEEE-118-Bus",49,100,0.6,43,0,0
"IEEE-118-Bus",49,100,0.6,44,0,0
"IEEE-118-Bus",49,100,0.6,45,0,0
"IEEE-118-Bus",49,100,0.6,46,0,0
"IEEE-118-Bus",49,100,0.6,47,0,0
"IEEE-118-Bus",49,100,0.6,48,0,0
"IEEE-118-Bus",49,100,0.6,49,0,0
"IEEE-118-Bus",49,100,0.6,50,0,0
"IEEE-118-Bus",49,100,0.6,51,0,0
"IEEE-118-Bus",49,100,0.6,52,0,0
"IEEE-118-Bus",49,100,0.6,53,0,0
"IEEE-118-Bus",49,100,0.6,54,0,0
"IEEE-118-Bus",49,100,0.6,55,0,0
"IEEE-118-Bus",49,100,0.6,56,0,0
"IEEE-118-Bus",49,100,0.6,57,0,0
"IEEE-118-Bus",49,100,0.6,58,0,0
"IEEE-118-Bus",49,100,0.6,59,0,0
"IEEE-118-Bus",49,100,0.6,60,0,0
"IEEE-118-Bus",49,100,0.6,61,0,0
"IEEE-118-Bus",49,100,0.6,62,0,0
"IEEE-118-Bus",49,100,0.6,63,0,0
"IEEE-118-Bus",49,100,0.6,64,0,0
"IEEE-118-Bus",49,100,0.6,65,0,0
"IEEE-118-Bus",49,100,0.6,66,0,0
"IEEE-118-Bus",49,100,0.6,67,0,0
"IEEE-118-Bus",49,100,0.6,68,0,0
"IEEE-118-Bus",49,100,0.6,69,0,0
"IEEE-118-Bus",49,100,0.6,70,0,0
"IEEE-118-Bus",49,100,0.6,71,0,0
"IEEE-118-Bus",49,100,0.6,72,0,0
"IEEE-118-Bus",49,100,0.6,73,0,0
"IEEE-118-Bus",49,100,0.6,74,0,0
"IEEE-118-Bus",49,100,0.6,75,0,0
"IEEE-118-Bus",49,100,0.6,76,0,0
"IEEE-118-Bus",49,100,0.6,77,0,0
"IEEE-118-Bus",49,100,0.6,78,0,0
"IEEE-118-Bus",49,100,0.6,79,0,0
"IEEE-118-Bus",49,100,0.6,80,0,0
"IEEE-118-Bus",49,100,0.6,81,0,0
"IEEE-118-Bus",49,100,0.6,82,0,0
"IEEE-118-Bus",49,100,0.6,83,0,0
"IEEE-118-Bus",49,100,0.6,84,0,0
"IEEE-118-Bus",49,100,0.6,85,0,0
"IEEE-118-Bus",49,100,0.6,86,0,0
"IEEE-118-Bus",49,100,0.6,87,0,0
"IEEE-118-Bus",49,100,0.6,88,0,0
"IEEE-118-Bus",49,100,0.6,89,0,0
"IEEE-118-Bus",49,100,0.6,90,0,0
"IEEE-118-Bus",49,100,0.6,91,0,0
"IEEE-118-Bus",49,100,0.6,92,0,0
"IEEE-118-Bus",49,100,0.6,93,0,0
"IEEE-118-Bus",49,100,0.6,94,0,0
"IEEE-118-Bus",49,100,0.6,95,0,0
"IEEE-118-Bus",49,100,0.6,96,0,0
"IEEE-118-Bus",49,100,0.6,97,0,0
"IEEE-118-Bus",49,100,0.6,98,0,0
"IEEE-118-Bus",49,100,0.6,99,0,0
"IEEE-118-Bus",49,100,0.6,100,0,0
"IEEE-118-Bus",49,100,0.6,101,0,0
"IEEE-118-Bus",49,100,0.6,102,0,0
"IEEE-118-Bus",49,100,0.6,103,0,0
"IEEE-118-Bus",49,100,0.6,104,0,0
"IEEE-118-Bus",49,100,0.6,105,0,0
"IEEE-118-Bus",49,100,0.6,106,0,0
"IEEE-118-Bus",49,100,0.6,107,0,0
"IEEE-118-Bus",49,100,0.6,108,0,0
"IEEE-118-Bus",49,100,0.6,109,0,0
"IEEE-118-Bus",49,100,0.6,110,0,0
"IEEE-118-Bus",49,100,0.6,111,0,0
"IEEE-118-Bus",49,100,0.6,112,0,0
"IEEE-118-Bus",49,100,0.6,113,0,0
"IEEE-118-Bus",49,100,0.6,114,0,0
"IEEE-118-Bus",49,100,0.6,115,0,0
"IEEE-118-Bus",49,100,0.6,116,0,0
"IEEE-118-Bus",49,100,0.6,117,0,0
"IEEE-118-Bus",49,100,0.8,1,143.099,5.40720056119194
"IEEE-118-Bus",49,100,0.8,2,271.288,21.0453441229795
"IEEE-118-Bus",49,100,0.8,3,396.5345,44.7891263887937
"IEEE-118-Bus",49,100,0.8,4,491.371,69.7068137196033
"IEEE-118-Bus",49,100,0.8,5,549.834,90.6510410840648
"IEEE-118-Bus",49,100,0.8,6,577.945,107.024521017613
"IEEE-118-Bus",49,100,0.8,7,585.78,117.204863764457
"IEEE-118-Bus",49,100,0.8,8,566.1515,115.271611075364
"IEEE-118-Bus",49,100,0.8,9,517.4695,105.156673743355
"IEEE-118-Bus",49,100,0.8,10,446.868,93.4851662787048
"IEEE-118-Bus",49,100,0.8,11,366.808,86.8057299570523
"IEEE-118-Bus",49,100,0.8,12,289.6065,83.8087860194683
"IEEE-118-Bus",49,100,0.8,13,220.2375,81.2225993740322
"IEEE-118-Bus",49,100,0.8,14,162.155,78.8254064204472
"IEEE-118-Bus",49,100,0.8,15,115.135,74.0338117189627
"IEEE-118-Bus",49,100,0.8,16,78.467,65.6115183993888
"IEEE-118-Bus",49,100,0.8,17,50.825,55.0129219892281
"IEEE-118-Bus",49,100,0.8,18,31.2775,44.1631711564432
"IEEE-118-Bus",49,100,0.8,19,18.4735,33.6386991245113
"IEEE-118-Bus",49,100,0.8,20,10.3435,24.6237014091209
"IEEE-118-Bus",49,100,0.8,21,5.6185,17.7065727657713
"IEEE-118-Bus",49,100,0.8,22,2.9965,12.5427328690326
"IEEE-118-Bus",49,100,0.8,23,1.664,9.373688549259
"IEEE-118-Bus",49,100,0.8,24,0.876,7.00486674241841
"IEEE-118-Bus",49,100,0.8,25,0.486,5.39994293412865
"IEEE-118-Bus",49,100,0.8,26,0.305,4.52340641583325
"IEEE-118-Bus",49,100,0.8,27,0.206,3.53395082085222
"IEEE-118-Bus",49,100,0.8,28,0.1445,2.84352995083411
"IEEE-118-Bus",49,100,0.8,29,0.087,1.93010197834814
"IEEE-118-Bus",49,100,0.8,30,0.0505,1.19902818327683
"IEEE-118-Bus",49,100,0.8,31,0.028,0.704602180039246
"IEEE-118-Bus",49,100,0.8,32,0.014,0.425316878601839
"IEEE-118-Bus",49,100,0.8,33,0.0055,0.206133440998177
"IEEE-118-Bus",49,100,0.8,34,0.001,0.0447213595499958
"IEEE-118-Bus",49,100,0.8,35,0,0
"IEEE-118-Bus",49,100,0.8,36,0,0
"IEEE-118-Bus",49,100,0.8,37,0,0
"IEEE-118-Bus",49,100,0.8,38,0,0
"IEEE-118-Bus",49,100,0.8,39,0,0
"IEEE-118-Bus",49,100,0.8,40,0,0
"IEEE-118-Bus",49,100,0.8,41,0,0
"IEEE-118-Bus",49,100,0.8,42,0,0
"IEEE-118-Bus",49,100,0.8,43,0,0
"IEEE-118-Bus",49,100,0.8,44,0,0
"IEEE-118-Bus",49,100,0.8,45,0,0
"IEEE-118-Bus",49,100,0.8,46,0,0
"IEEE-118-Bus",49,100,0.8,47,0,0
"IEEE-118-Bus",49,100,0.8,48,0,0
"IEEE-118-Bus",49,100,0.8,49,0,0
"IEEE-118-Bus",49,100,0.8,50,0,0
"IEEE-118-Bus",49,100,0.8,51,0,0
"IEEE-118-Bus",49,100,0.8,52,0,0
"IEEE-118-Bus",49,100,0.8,53,0,0
"IEEE-118-Bus",49,100,0.8,54,0,0
"IEEE-118-Bus",49,100,0.8,55,0,0
"IEEE-118-Bus",49,100,0.8,56,0,0
"IEEE-118-Bus",49,100,0.8,57,0,0
"IEEE-118-Bus",49,100,0.8,58,0,0
"IEEE-118-Bus",49,100,0.8,59,0,0
"IEEE-118-Bus",49,100,0.8,60,0,0
"IEEE-118-Bus",49,100,0.8,61,0,0
"IEEE-118-Bus",49,100,0.8,62,0,0
"IEEE-118-Bus",49,100,0.8,63,0,0
"IEEE-118-Bus",49,100,0.8,64,0,0
"IEEE-118-Bus",49,100,0.8,65,0,0
"IEEE-118-Bus",49,100,0.8,66,0,0
"IEEE-118-Bus",49,100,0.8,67,0,0
"IEEE-118-Bus",49,100,0.8,68,0,0
"IEEE-118-Bus",49,100,0.8,69,0,0
"IEEE-118-Bus",49,100,0.8,70,0,0
"IEEE-118-Bus",49,100,0.8,71,0,0
"IEEE-118-Bus",49,100,0.8,72,0,0
"IEEE-118-Bus",49,100,0.8,73,0,0
"IEEE-118-Bus",49,100,0.8,74,0,0
"IEEE-118-Bus",49,100,0.8,75,0,0
"IEEE-118-Bus",49,100,0.8,76,0,0
"IEEE-118-Bus",49,100,0.8,77,0,0
"IEEE-118-Bus",49,100,0.8,78,0,0
"IEEE-118-Bus",49,100,0.8,79,0,0
"IEEE-118-Bus",49,100,0.8,80,0,0
"IEEE-118-Bus",49,100,0.8,81,0,0
"IEEE-118-Bus",49,100,0.8,82,0,0
"IEEE-118-Bus",49,100,0.8,83,0,0
"IEEE-118-Bus",49,100,0.8,84,0,0
"IEEE-118-Bus",49,100,0.8,85,0,0
"IEEE-118-Bus",49,100,0.8,86,0,0
"IEEE-118-Bus",49,100,0.8,87,0,0
"IEEE-118-Bus",49,100,0.8,88,0,0
"IEEE-118-Bus",49,100,0.8,89,0,0
"IEEE-118-Bus",49,100,0.8,90,0,0
"IEEE-118-Bus",49,100,0.8,91,0,0
"IEEE-118-Bus",49,100,0.8,92,0,0
"IEEE-118-Bus",49,100,0.8,93,0,0
"IEEE-118-Bus",49,100,0.8,94,0,0
"IEEE-118-Bus",49,100,0.8,95,0,0
"IEEE-118-Bus",49,100,0.8,96,0,0
"IEEE-118-Bus",49,100,0.8,97,0,0
"IEEE-118-Bus",49,100,0.8,98,0,0
"IEEE-118-Bus",49,100,0.8,99,0,0
"IEEE-118-Bus",49,100,0.8,100,0,0
"IEEE-118-Bus",49,100,0.8,101,0,0
"IEEE-118-Bus",49,100,0.8,102,0,0
"IEEE-118-Bus",49,100,0.8,103,0,0
"IEEE-118-Bus",49,100,0.8,104,0,0
"IEEE-118-Bus",49,100,0.8,105,0,0
"IEEE-118-Bus",49,100,0.8,106,0,0
"IEEE-118-Bus",49,100,0.8,107,0,0
"IEEE-118-Bus",49,100,0.8,108,0,0
"IEEE-118-Bus",49,100,0.8,109,0,0
"IEEE-118-Bus",49,100,0.8,110,0,0
"IEEE-118-Bus",49,100,0.8,111,0,0
"IEEE-118-Bus",49,100,0.8,112,0,0
"IEEE-118-Bus",49,100,0.8,113,0,0
"IEEE-118-Bus",49,100,0.8,114,0,0
"IEEE-118-Bus",49,100,0.8,115,0,0
"IEEE-118-Bus",49,100,0.8,116,0,0
"IEEE-118-Bus",49,100,0.8,117,0,0
"IEEE-118-Bus",49,100,0.95,1,170.034,2.921148841685
"IEEE-118-Bus",49,100,0.95,2,364.4125,12.4039619834327
"IEEE-118-Bus",49,100,0.95,3,567.849,27.2779259039394
"IEEE-118-Bus",49,100,0.95,4,722.044,41.882396440101
"IEEE-118-Bus",49,100,0.95,5,806.188,51.5777353845019
"IEEE-118-Bus",49,100,0.95,6,837.4375,54.9644852706776
"IEEE-118-Bus",49,100,0.95,7,807.883,50.6432886209137
"IEEE-118-Bus",49,100,0.95,8,732.4625,40.9298084329646
"IEEE-118-Bus",49,100,0.95,9,596.7935,36.6995679387843
"IEEE-118-Bus",49,100,0.95,10,440.211,41.9920843323273
"IEEE-118-Bus",49,100,0.95,11,309.261,38.0344079366768
"IEEE-118-Bus",49,100,0.95,12,215.214,32.9359316218002
"IEEE-118-Bus",49,100,0.95,13,131.5235,35.4362570244933
"IEEE-118-Bus",49,100,0.95,14,63.4315,40.1535236371634
"IEEE-118-Bus",49,100,0.95,15,26.243,32.9205381474234
"IEEE-118-Bus",49,100,0.95,16,10.516,19.5237120360303
"IEEE-118-Bus",49,100,0.95,17,3.4355,10.2291816793385
"IEEE-118-Bus",49,100,0.95,18,1.116,6.84799178560751
"IEEE-118-Bus",49,100,0.95,19,0.403,5.70209153942323
"IEEE-118-Bus",49,100,0.95,20,0.1625,4.76775203631018
"IEEE-118-Bus",49,100,0.95,21,0.1025,4.29478944282244
"IEEE-118-Bus",49,100,0.95,22,0.089,3.98020099994963
"IEEE-118-Bus",49,100,0.95,23,0.061,2.72800293254974
"IEEE-118-Bus",49,100,0.95,24,0.032,1.43108350559987
"IEEE-118-Bus",49,100,0.95,25,0.012,0.53665631459995
"IEEE-118-Bus",49,100,0.95,26,0.004,0.178885438199983
"IEEE-118-Bus",49,100,0.95,27,0,0
"IEEE-118-Bus",49,100,0.95,28,0,0
"IEEE-118-Bus",49,100,0.95,29,0,0
"IEEE-118-Bus",49,100,0.95,30,0,0
"IEEE-118-Bus",49,100,0.95,31,0,0
"IEEE-118-Bus",49,100,0.95,32,0,0
"IEEE-118-Bus",49,100,0.95,33,0,0
"IEEE-118-Bus",49,100,0.95,34,0,0
"IEEE-118-Bus",49,100,0.95,35,0,0
"IEEE-118-Bus",49,100,0.95,36,0,0
"IEEE-118-Bus",49,100,0.95,37,0,0
"IEEE-118-Bus",49,100,0.95,38,0,0
"IEEE-118-Bus",49,100,0.95,39,0,0
"IEEE-118-Bus",49,100,0.95,40,0,0
"IEEE-118-Bus",49,100,0.95,41,0,0
"IEEE-118-Bus",49,100,0.95,42,0,0
"IEEE-118-Bus",49,100,0.95,43,0,0
"IEEE-118-Bus",49,100,0.95,44,0,0
"IEEE-118-Bus",49,100,0.95,45,0,0
"IEEE-118-Bus",49,100,0.95,46,0,0
"IEEE-118-Bus",49,100,0.95,47,0,0
"IEEE-118-Bus",49,100,0.95,48,0,0
"IEEE-118-Bus",49,100,0.95,49,0,0
"IEEE-118-Bus",49,100,0.95,50,0,0
"IEEE-118-Bus",49,100,0.95,51,0,0
"IEEE-118-Bus",49,100,0.95,52,0,0
"IEEE-118-Bus",49,100,0.95,53,0,0
"IEEE-118-Bus",49,100,0.95,54,0,0
"IEEE-118-Bus",49,100,0.95,55,0,0
"IEEE-118-Bus",49,100,0.95,56,0,0
"IEEE-118-Bus",49,100,0.95,57,0,0
"IEEE-118-Bus",49,100,0.95,58,0,0
"IEEE-118-Bus",49,100,0.95,59,0,0
"IEEE-118-Bus",49,100,0.95,60,0,0
"IEEE-118-Bus",49,100,0.95,61,0,0
"IEEE-118-Bus",49,100,0.95,62,0,0
"IEEE-118-Bus",49,100,0.95,63,0,0
"IEEE-118-Bus",49,100,0.95,64,0,0
"IEEE-118-Bus",49,100,0.95,65,0,0
"IEEE-118-Bus",49,100,0.95,66,0,0
"IEEE-118-Bus",49,100,0.95,67,0,0
"IEEE-118-Bus",49,100,0.95,68,0,0
"IEEE-118-Bus",49,100,0.95,69,0,0
"IEEE-118-Bus",49,100,0.95,70,0,0
"IEEE-118-Bus",49,100,0.95,71,0,0
"IEEE-118-Bus",49,100,0.95,72,0,0
"IEEE-118-Bus",49,100,0.95,73,0,0
"IEEE-118-Bus",49,100,0.95,74,0,0
"IEEE-118-Bus",49,100,0.95,75,0,0
"IEEE-118-Bus",49,100,0.95,76,0,0
"IEEE-118-Bus",49,100,0.95,77,0,0
"IEEE-118-Bus",49,100,0.95,78,0,0
"IEEE-118-Bus",49,100,0.95,79,0,0
"IEEE-118-Bus",49,100,0.95,80,0,0
"IEEE-118-Bus",49,100,0.95,81,0,0
"IEEE-118-Bus",49,100,0.95,82,0,0
"IEEE-118-Bus",49,100,0.95,83,0,0
"IEEE-118-Bus",49,100,0.95,84,0,0
"IEEE-118-Bus",49,100,0.95,85,0,0
"IEEE-118-Bus",49,100,0.95,86,0,0
"IEEE-118-Bus",49,100,0.95,87,0,0
"IEEE-118-Bus",49,100,0.95,88,0,0
"IEEE-118-Bus",49,100,0.95,89,0,0
"IEEE-118-Bus",49,100,0.95,90,0,0
"IEEE-118-Bus",49,100,0.95,91,0,0
"IEEE-118-Bus",49,100,0.95,92,0,0
"IEEE-118-Bus",49,100,0.95,93,0,0
"IEEE-118-Bus",49,100,0.95,94,0,0
"IEEE-118-Bus",49,100,0.95,95,0,0
"IEEE-118-Bus",49,100,0.95,96,0,0
"IEEE-118-Bus",49,100,0.95,97,0,0
"IEEE-118-Bus",49,100,0.95,98,0,0
"IEEE-118-Bus",49,100,0.95,99,0,0
"IEEE-118-Bus",49,100,0.95,100,0,0
"IEEE-118-Bus",49,100,0.95,101,0,0
"IEEE-118-Bus",49,100,0.95,102,0,0
"IEEE-118-Bus",49,100,0.95,103,0,0
"IEEE-118-Bus",49,100,0.95,104,0,0
"IEEE-118-Bus",49,100,0.95,105,0,0
"IEEE-118-Bus",49,100,0.95,106,0,0
"IEEE-118-Bus",49,100,0.95,107,0,0
"IEEE-118-Bus",49,100,0.95,108,0,0
"IEEE-118-Bus",49,100,0.95,109,0,0
"IEEE-118-Bus",49,100,0.95,110,0,0
"IEEE-118-Bus",49,100,0.95,111,0,0
"IEEE-118-Bus",49,100,0.95,112,0,0
"IEEE-118-Bus",49,100,0.95,113,0,0
"IEEE-118-Bus",49,100,0.95,114,0,0
"IEEE-118-Bus",49,100,0.95,115,0,0
"IEEE-118-Bus",49,100,0.95,116,0,0
"IEEE-118-Bus",49,100,0.95,117,0,0
"Venezuela-Grid",3,11,0.6,1,64.2725,5.07406314588262
"Venezuela-Grid",3,11,0.6,2,78.305,13.093307158475
"Venezuela-Grid",3,11,0.6,3,79.9765,21.6137577716719
"Venezuela-Grid",3,11,0.6,4,79.2635,30.3417926289791
"Venezuela-Grid",3,11,0.6,5,75.957,36.7608056143321
"Venezuela-Grid",3,11,0.6,6,69.0955,40.1791309143256
"Venezuela-Grid",3,11,0.6,7,61.293,41.5275862675716
"Venezuela-Grid",3,11,0.6,8,52.3005,40.7113977738956
"Venezuela-Grid",3,11,0.6,9,42.989,38.3671591136121
"Venezuela-Grid",3,11,0.6,10,34.422,35.0375759987179
"Venezuela-Grid",3,11,0.6,11,26.57,30.7845731653451
"Venezuela-Grid",3,11,0.6,12,19.638,25.8900966501146
"Venezuela-Grid",3,11,0.6,13,13.982,20.9534531664783
"Venezuela-Grid",3,11,0.6,14,9.677,16.6356557887497
"Venezuela-Grid",3,11,0.6,15,6.5685,13.0043786734446
"Venezuela-Grid",3,11,0.6,16,4.346,10.2238714670073
"Venezuela-Grid",3,11,0.6,17,2.7805,7.73907400036927
"Venezuela-Grid",3,11,0.6,18,1.72,5.85369395052673
"Venezuela-Grid",3,11,0.6,19,1.0575,4.45287635174187
"Venezuela-Grid",3,11,0.6,20,0.6435,3.34335112549881
"Venezuela-Grid",3,11,0.6,21,0.3825,2.47431907349047
"Venezuela-Grid",3,11,0.6,22,0.228,1.81484512601371
"Venezuela-Grid",3,11,0.6,23,0.1405,1.40525695997628
"Venezuela-Grid",3,11,0.6,24,0.087,1.13537462441649
"Venezuela-Grid",3,11,0.6,25,0.0575,0.876685826861316
"Venezuela-Grid",3,11,0.6,26,0.034,0.650427188672093
"Venezuela-Grid",3,11,0.6,27,0.02,0.483442714733829
"Venezuela-Grid",3,11,0.6,28,0.012,0.336024487542373
"Venezuela-Grid",3,11,0.6,29,0.004,0.130355269353118
"Venezuela-Grid",3,11,0.6,30,0.0025,0.111803398874989
"Venezuela-Grid",3,11,0.6,31,0.001,0.0447213595499958
"Venezuela-Grid",3,11,0.6,32,0,0
"Venezuela-Grid",3,11,0.6,33,0,0
"Venezuela-Grid",3,11,0.6,34,0,0
"Venezuela-Grid",3,11,0.6,35,0,0
"Venezuela-Grid",3,11,0.6,36,0,0
"Venezuela-Grid",3,11,0.6,37,0,0
"Venezuela-Grid",3,11,0.6,38,0,0
"Venezuela-Grid",3,11,0.6,39,0,0
"Venezuela-Grid",3,11,0.6,40,0,0
"Venezuela-Grid",3,11,0.6,41,0,0
"Venezuela-Grid",3,11,0.6,42,0,0
"Venezuela-Grid",3,11,0.6,43,0,0
"Venezuela-Grid",3,11,0.6,44,0,0
"Venezuela-Grid",3,11,0.6,45,0,0
"Venezuela-Grid",3,11,0.6,46,0,0
"Venezuela-Grid",3,11,0.6,47,0,0
"Venezuela-Grid",3,11,0.6,48,0,0
"Venezuela-Grid",3,11,0.6,49,0,0
"Venezuela-Grid",3,11,0.6,50,0,0
"Venezuela-Grid",3,11,0.6,51,0,0
"Venezuela-Grid",3,11,0.6,52,0,0
"Venezuela-Grid",3,11,0.6,53,0,0
"Venezuela-Grid",3,11,0.6,54,0,0
"Venezuela-Grid",3,11,0.6,55,0,0
"Venezuela-Grid",3,11,0.6,56,0,0
"Venezuela-Grid",3,11,0.6,57,0,0
"Venezuela-Grid",3,11,0.6,58,0,0
"Venezuela-Grid",3,11,0.6,59,0,0
"Venezuela-Grid",3,11,0.6,60,0,0
"Venezuela-Grid",3,11,0.6,61,0,0
"Venezuela-Grid",3,11,0.6,62,0,0
"Venezuela-Grid",3,11,0.6,63,0,0
"Venezuela-Grid",3,11,0.6,64,0,0
"Venezuela-Grid",3,11,0.6,65,0,0
"Venezuela-Grid",3,11,0.6,66,0,0
"Venezuela-Grid",3,11,0.6,67,0,0
"Venezuela-Grid",3,11,0.6,68,0,0
"Venezuela-Grid",3,11,0.6,69,0,0
"Venezuela-Grid",3,11,0.6,70,0,0
"Venezuela-Grid",3,11,0.6,71,0,0
"Venezuela-Grid",3,11,0.6,72,0,0
"Venezuela-Grid",3,11,0.6,73,0,0
"Venezuela-Grid",3,11,0.6,74,0,0
"Venezuela-Grid",3,11,0.6,75,0,0
"Venezuela-Grid",3,11,0.6,76,0,0
"Venezuela-Grid",3,11,0.6,77,0,0
"Venezuela-Grid",3,11,0.6,78,0,0
"Venezuela-Grid",3,11,0.6,79,0,0
"Venezuela-Grid",3,11,0.8,1,85.6,4.17009530435741
"Venezuela-Grid",3,11,0.8,2,132.3335,12.8006330254768
"Venezuela-Grid",3,11,0.8,3,167.454,25.9611994318053
"Venezuela-Grid",3,11,0.8,4,199.507,40.6236395593197
"Venezuela-Grid",3,11,0.8,5,224.15,52.8647504573743
"Venezuela-Grid",3,11,0.8,6,229.394,58.0515353317825
"Venezuela-Grid",3,11,0.8,7,225.9865,61.1036180910911
"Venezuela-Grid",3,11,0.8,8,214.138,61.4540336766234
"Venezuela-Grid",3,11,0.8,9,190.2145,59.5446410005631
"Venezuela-Grid",3,11,0.8,10,160.32,55.6740460151752
"Venezuela-Grid",3,11,0.8,11,122.774,49.4869013042881
"Venezuela-Grid",3,11,0.8,12,89.3495,44.4283387984988
"Venezuela-Grid",3,11,0.8,13,64.269,39.4980466206042
"Venezuela-Grid",3,11,0.8,14,43.843,33.9169062454793
"Venezuela-Grid",3,11,0.8,15,29.1055,28.7548394213056
"Venezuela-Grid",3,11,0.8,16,19.0015,23.6713257673032
"Venezuela-Grid",3,11,0.8,17,11.8645,19.0878053192595
"Venezuela-Grid",3,11,0.8,18,7.3195,15.0648894850775
"Venezuela-Grid",3,11,0.8,19,4.483,11.6811358808865
"Venezuela-Grid",3,11,0.8,20,2.7625,9.0204089507527
"Venezuela-Grid",3,11,0.8,21,1.736,6.8936975225757
"Venezuela-Grid",3,11,0.8,22,1.115,5.36107690420371
"Venezuela-Grid",3,11,0.8,23,0.6735,3.88760266452715
"Venezuela-Grid",3,11,0.8,24,0.3905,2.75840790259137
"Venezuela-Grid",3,11,0.8,25,0.2245,2.0236470353453
"Venezuela-Grid",3,11,0.8,26,0.1285,1.57550908103769
"Venezuela-Grid",3,11,0.8,27,0.0695,1.15902606558712
"Venezuela-Grid",3,11,0.8,28,0.0415,1.0100930125226
"Venezuela-Grid",3,11,0.8,29,0.024,0.858366120136448
"Venezuela-Grid",3,11,0.8,30,0.0115,0.471676784986019
"Venezuela-Grid",3,11,0.8,31,0,0
"Venezuela-Grid",3,11,0.8,32,0,0
"Venezuela-Grid",3,11,0.8,33,0,0
"Venezuela-Grid",3,11,0.8,34,0,0
"Venezuela-Grid",3,11,0.8,35,0,0
"Venezuela-Grid",3,11,0.8,36,0,0
"Venezuela-Grid",3,11,0.8,37,0,0
"Venezuela-Grid",3,11,0.8,38,0,0
"Venezuela-Grid",3,11,0.8,39,0,0
"Venezuela-Grid",3,11,0.8,40,0,0
"Venezuela-Grid",3,11,0.8,41,0,0
"Venezuela-Grid",3,11,0.8,42,0,0
"Venezuela-Grid",3,11,0.8,43,0,0
"Venezuela-Grid",3,11,0.8,44,0,0
"Venezuela-Grid",3,11,0.8,45,0,0
"Venezuela-Grid",3,11,0.8,46,0,0
"Venezuela-Grid",3,11,0.8,47,0,0
"Venezuela-Grid",3,11,0.8,48,0,0
"Venezuela-Grid",3,11,0.8,49,0,0
"Venezuela-Grid",3,11,0.8,50,0,0
"Venezuela-Grid",3,11,0.8,51,0,0
"Venezuela-Grid",3,11,0.8,52,0,0
"Venezuela-Grid",3,11,0.8,53,0,0
"Venezuela-Grid",3,11,0.8,54,0,0
"Venezuela-Grid",3,11,0.8,55,0,0
"Venezuela-Grid",3,11,0.8,56,0,0
"Venezuela-Grid",3,11,0.8,57,0,0
"Venezuela-Grid",3,11,0.8,58,0,0
"Venezuela-Grid",3,11,0.8,59,0,0
"Venezuela-Grid",3,11,0.8,60,0,0
"Venezuela-Grid",3,11,0.8,61,0,0
"Venezuela-Grid",3,11,0.8,62,0,0
"Venezuela-Grid",3,11,0.8,63,0,0
"Venezuela-Grid",3,11,0.8,64,0,0
"Venezuela-Grid",3,11,0.8,65,0,0
"Venezuela-Grid",3,11,0.8,66,0,0
"Venezuela-Grid",3,11,0.8,67,0,0
"Venezuela-Grid",3,11,0.8,68,0,0
"Venezuela-Grid",3,11,0.8,69,0,0
"Venezuela-Grid",3,11,0.8,70,0,0
"Venezuela-Grid",3,11,0.8,71,0,0
"Venezuela-Grid",3,11,0.8,72,0,0
"Venezuela-Grid",3,11,0.8,73,0,0
"Venezuela-Grid",3,11,0.8,74,0,0
"Venezuela-Grid",3,11,0.8,75,0,0
"Venezuela-Grid",3,11,0.8,76,0,0
"Venezuela-Grid",3,11,0.8,77,0,0
"Venezuela-Grid",3,11,0.8,78,0,0
"Venezuela-Grid",3,11,0.8,79,0,0
"Venezuela-Grid",3,11,0.95,1,101.633,2.29824976362187
"Venezuela-Grid",3,11,0.95,2,178.706,7.97968681721597
"Venezuela-Grid",3,11,0.95,3,250.6265,17.5456810415443
"Venezuela-Grid",3,11,0.95,4,317.15,27.5859564361334
"Venezuela-Grid",3,11,0.95,5,368.374,32.3977920924595
"Venezuela-Grid",3,11,0.95,6,367.1595,28.2678544560385
"Venezuela-Grid",3,11,0.95,7,353.4855,25.9913363360229
"Venezuela-Grid",3,11,0.95,8,329.563,28.0378688927319
"Venezuela-Grid",3,11,0.95,9,272.288,29.5297148314882
"Venezuela-Grid",3,11,0.95,10,200.281,31.1388479704446
"Venezuela-Grid",3,11,0.95,11,119.557,31.8752532050091
"Venezuela-Grid",3,11,0.95,12,73.7825,27.3604365918245
"Venezuela-Grid",3,11,0.95,13,49.913,21.1863838922836
"Venezuela-Grid",3,11,0.95,14,22.184,16.020720200349
"Venezuela-Grid",3,11,0.95,15,8.253,11.4637122848436
"Venezuela-Grid",3,11,0.95,16,2.9185,6.57757478064655
"Venezuela-Grid",3,11,0.95,17,1.0105,3.57977613106941
"Venezuela-Grid",3,11,0.95,18,0.329,1.77040282508856
"Venezuela-Grid",3,11,0.95,19,0.0785,0.77177429847326
"Venezuela-Grid",3,11,0.95,20,0.033,0.501035446110482
"Venezuela-Grid",3,11,0.95,21,0.0125,0.298979002978656
"Venezuela-Grid",3,11,0.95,22,0.0035,0.156524758424985
"Venezuela-Grid",3,11,0.95,23,0.0035,0.156524758424985
"Venezuela-Grid",3,11,0.95,24,0.001,0.0447213595499958
"Venezuela-Grid",3,11,0.95,25,0,0
"Venezuela-Grid",3,11,0.95,26,0,0
"Venezuela-Grid",3,11,0.95,27,0,0
"Venezuela-Grid",3,11,0.95,28,0,0
"Venezuela-Grid",3,11,0.95,29,0,0
"Venezuela-Grid",3,11,0.95,30,0,0
"Venezuela-Grid",3,11,0.95,31,0,0
"Venezuela-Grid",3,11,0.95,32,0,0
"Venezuela-Grid",3,11,0.95,33,0,0
"Venezuela-Grid",3,11,0.95,34,0,0
"Venezuela-Grid",3,11,0.95,35,0,0
"Venezuela-Grid",3,11,0.95,36,0,0
"Venezuela-Grid",3,11,0.95,37,0,0
"Venezuela-Grid",3,11,0.95,38,0,0
"Venezuela-Grid",3,11,0.95,39,0,0
"Venezuela-Grid",3,11,0.95,40,0,0
"Venezuela-Grid",3,11,0.95,41,0,0
"Venezuela-Grid",3,11,0.95,42,0,0
"Venezuela-Grid",3,11,0.95,43,0,0
"Venezuela-Grid",3,11,0.95,44,0,0
"Venezuela-Grid",3,11,0.95,45,0,0
"Venezuela-Grid",3,11,0.95,46,0,0
"Venezuela-Grid",3,11,0.95,47,0,0
"Venezuela-Grid",3,11,0.95,48,0,0
"Venezuela-Grid",3,11,0.95,49,0,0
"Venezuela-Grid",3,11,0.95,50,0,0
"Venezuela-Grid",3,11,0.95,51,0,0
"Venezuela-Grid",3,11,0.95,52,0,0
"Venezuela-Grid",3,11,0.95,53,0,0
"Venezuela-Grid",3,11,0.95,54,0,0
"Venezuela-Grid",3,11,0.95,55,0,0
"Venezuela-Grid",3,11,0.95,56,0,0
"Venezuela-Grid",3,11,0.95,57,0,0
"Venezuela-Grid",3,11,0.95,58,0,0
"Venezuela-Grid",3,11,0.95,59,0,0
"Venezuela-Grid",3,11,0.95,60,0,0
"Venezuela-Grid",3,11,0.95,61,0,0
"Venezuela-Grid",3,11,0.95,62,0,0
"Venezuela-Grid",3,11,0.95,63,0,0
"Venezuela-Grid",3,11,0.95,64,0,0
"Venezuela-Grid",3,11,0.95,65,0,0
"Venezuela-Grid",3,11,0.95,66,0,0
"Venezuela-Grid",3,11,0.95,67,0,0
"Venezuela-Grid",3,11,0.95,68,0,0
"Venezuela-Grid",3,11,0.95,69,0,0
"Venezuela-Grid",3,11,0.95,70,0,0
"Venezuela-Grid",3,11,0.95,71,0,0
"Venezuela-Grid",3,11,0.95,72,0,0
"Venezuela-Grid",3,11,0.95,73,0,0
"Venezuela-Grid",3,11,0.95,74,0,0
"Venezuela-Grid",3,11,0.95,75,0,0
"Venezuela-Grid",3,11,0.95,76,0,0
"Venezuela-Grid",3,11,0.95,77,0,0
"Venezuela-Grid",3,11,0.95,78,0,0
"Venezuela-Grid",3,11,0.95,79,0,0
"Italian-Grid",68,64,0.6,1,102.7735,6.37609010385724
"Italian-Grid",68,64,0.6,2,121.9985,16.0957147640881
"Italian-Grid",68,64,0.6,3,122.9495,25.7168160366623
"Italian-Grid",68,64,0.6,4,120.825,35.4528112554274
"Italian-Grid",68,64,0.6,5,115.0805,43.3456854135678
"Italian-Grid",68,64,0.6,6,107.8585,49.8825381426785
"Italian-Grid",68,64,0.6,7,97.3065,53.5191901060246
"Italian-Grid",68,64,0.6,8,86.577,55.9496403216863
"Italian-Grid",68,64,0.6,9,76.35,56.7491209743876
"Italian-Grid",68,64,0.6,10,66.811,56.2668931133603
"Italian-Grid",68,64,0.6,11,57.538,54.5276919610146
"Italian-Grid",68,64,0.6,12,48.598,51.3280301525362
"Italian-Grid",68,64,0.6,13,40.5075,47.4542716485971
"Italian-Grid",68,64,0.6,14,33.2495,43.4016370751196
"Italian-Grid",68,64,0.6,15,26.923,38.9047151310701
"Italian-Grid",68,64,0.6,16,21.4465,34.3479843624758
"Italian-Grid",68,64,0.6,17,16.8965,29.960484025655
"Italian-Grid",68,64,0.6,18,13.1725,25.9115311680676
"Italian-Grid",68,64,0.6,19,10.1155,22.011960906777
"Italian-Grid",68,64,0.6,20,7.6825,18.6184859147805
"Italian-Grid",68,64,0.6,21,5.7875,15.7061034184898
"Italian-Grid",68,64,0.6,22,4.2735,13.2510185456156
"Italian-Grid",68,64,0.6,23,3.0875,10.9362536808674
"Italian-Grid",68,64,0.6,24,2.2175,8.97939354880117
"Italian-Grid",68,64,0.6,25,1.596,7.51039193341444
"Italian-Grid",68,64,0.6,26,1.1595,6.38713217952622
"Italian-Grid",68,64,0.6,27,0.839,5.48954884970401
"Italian-Grid",68,64,0.6,28,0.607,4.67177308223183
"Italian-Grid",68,64,0.6,29,0.4195,3.91026403615104
"Italian-Grid",68,64,0.6,30,0.291,3.1290916585015
"Italian-Grid",68,64,0.6,31,0.2095,2.61840366805511
"Italian-Grid",68,64,0.6,32,0.15,2.07283581698167
"Italian-Grid",68,64,0.6,33,0.1095,1.62383132254617
"Italian-Grid",68,64,0.6,34,0.0825,1.30902655636264
"Italian-Grid",68,64,0.6,35,0.0575,0.989789670483532
"Italian-Grid",68,64,0.6,36,0.033,0.595893064460509
"Italian-Grid",68,64,0.6,37,0.017,0.385727096139678
"Italian-Grid",68,64,0.6,38,0.011,0.284463459393056
"Italian-Grid",68,64,0.6,39,0.008,0.209661582054259
"Italian-Grid",68,64,0.6,40,0.004,0.113975853792037
"Italian-Grid",68,64,0.6,41,0.0015,0.0499899939962977
"Italian-Grid",68,64,0.6,42,0,0
"Italian-Grid",68,64,0.6,43,0,0
"Italian-Grid",68,64,0.6,44,0,0
"Italian-Grid",68,64,0.6,45,0,0
"Italian-Grid",68,64,0.6,46,0,0
"Italian-Grid",68,64,0.6,47,0,0
"Italian-Grid",68,64,0.6,48,0,0
"Italian-Grid",68,64,0.6,49,0,0
"Italian-Grid",68,64,0.6,50,0,0
"Italian-Grid",68,64,0.6,51,0,0
"Italian-Grid",68,64,0.6,52,0,0
"Italian-Grid",68,64,0.6,53,0,0
"Italian-Grid",68,64,0.6,54,0,0
"Italian-Grid",68,64,0.6,55,0,0
"Italian-Grid",68,64,0.6,56,0,0
"Italian-Grid",68,64,0.6,57,0,0
"Italian-Grid",68,64,0.6,58,0,0
"Italian-Grid",68,64,0.6,59,0,0
"Italian-Grid",68,64,0.6,60,0,0
"Italian-Grid",68,64,0.6,61,0,0
"Italian-Grid",68,64,0.6,62,0,0
"Italian-Grid",68,64,0.6,63,0,0
"Italian-Grid",68,64,0.6,64,0,0
"Italian-Grid",68,64,0.6,65,0,0
"Italian-Grid",68,64,0.6,66,0,0
"Italian-Grid",68,64,0.6,67,0,0
"Italian-Grid",68,64,0.6,68,0,0
"Italian-Grid",68,64,0.6,69,0,0
"Italian-Grid",68,64,0.6,70,0,0
"Italian-Grid",68,64,0.6,71,0,0
"Italian-Grid",68,64,0.6,72,0,0
"Italian-Grid",68,64,0.6,73,0,0
"Italian-Grid",68,64,0.6,74,0,0
"Italian-Grid",68,64,0.6,75,0,0
"Italian-Grid",68,64,0.6,76,0,0
"Italian-Grid",68,64,0.6,77,0,0
"Italian-Grid",68,64,0.6,78,0,0
"Italian-Grid",68,64,0.6,79,0,0
"Italian-Grid",68,64,0.6,80,0,0
"Italian-Grid",68,64,0.6,81,0,0
"Italian-Grid",68,64,0.6,82,0,0
"Italian-Grid",68,64,0.6,83,0,0
"Italian-Grid",68,64,0.6,84,0,0
"Italian-Grid",68,64,0.6,85,0,0
"Italian-Grid",68,64,0.6,86,0,0
"Italian-Grid",68,64,0.6,87,0,0
"Italian-Grid",68,64,0.6,88,0,0
"Italian-Grid",68,64,0.6,89,0,0
"Italian-Grid",68,64,0.6,90,0,0
"Italian-Grid",68,64,0.6,91,0,0
"Italian-Grid",68,64,0.6,92,0,0
"Italian-Grid",68,64,0.6,93,0,0
"Italian-Grid",68,64,0.6,94,0,0
"Italian-Grid",68,64,0.6,95,0,0
"Italian-Grid",68,64,0.6,96,0,0
"Italian-Grid",68,64,0.6,97,0,0
"Italian-Grid",68,64,0.6,98,0,0
"Italian-Grid",68,64,0.6,99,0,0
"Italian-Grid",68,64,0.6,100,0,0
"Italian-Grid",68,64,0.6,101,0,0
"Italian-Grid",68,64,0.6,102,0,0
"Italian-Grid",68,64,0.6,103,0,0
"Italian-Grid",68,64,0.6,104,0,0
"Italian-Grid",68,64,0.6,105,0,0
"Italian-Grid",68,64,0.6,106,0,0
"Italian-Grid",68,64,0.6,107,0,0
"Italian-Grid",68,64,0.6,108,0,0
"Italian-Grid",68,64,0.6,109,0,0
"Italian-Grid",68,64,0.6,110,0,0
"Italian-Grid",68,64,0.6,111,0,0
"Italian-Grid",68,64,0.6,112,0,0
"Italian-Grid",68,64,0.6,113,0,0
"Italian-Grid",68,64,0.6,114,0,0
"Italian-Grid",68,64,0.6,115,0,0
"Italian-Grid",68,64,0.6,116,0,0
"Italian-Grid",68,64,0.6,117,0,0
"Italian-Grid",68,64,0.6,118,0,0
"Italian-Grid",68,64,0.6,119,0,0
"Italian-Grid",68,64,0.6,120,0,0
"Italian-Grid",68,64,0.6,121,0,0
"Italian-Grid",68,64,0.6,122,0,0
"Italian-Grid",68,64,0.6,123,0,0
"Italian-Grid",68,64,0.6,124,0,0
"Italian-Grid",68,64,0.6,125,0,0
"Italian-Grid",68,64,0.6,126,0,0
"Italian-Grid",68,64,0.8,1,136.7055,5.26247247577402
"Italian-Grid",68,64,0.8,2,206.6405,16.4515831166341
"Italian-Grid",68,64,0.8,3,260.214,31.0750226470755
"Italian-Grid",68,64,0.8,4,309.98,49.2857904935316
"Italian-Grid",68,64,0.8,5,344.6935,66.0570687051201
"Italian-Grid",68,64,0.8,6,373.297,82.419447181092
"Italian-Grid",68,64,0.8,7,378.6575,94.6644488321056
"Italian-Grid",68,64,0.8,8,380.46,104.763176075999
"Italian-Grid",68,64,0.8,9,377.7525,112.169658374624
"Italian-Grid",68,64,0.8,10,367.5125,115.707220709047
"Italian-Grid",68,64,0.8,11,343.4655,113.786882095514
"Italian-Grid",68,64,0.8,12,311.6145,109.254272858405
"Italian-Grid",68,64,0.8,13,278.359,104.087920848835
"Italian-Grid",68,64,0.8,14,244.1765,98.4569613301527
"Italian-Grid",68,64,0.8,15,210.751,92.6282786086355
"Italian-Grid",68,64,0.8,16,178.48,86.5499627268782
"Italian-Grid",68,64,0.8,17,150.013,81.3384644796172
"Italian-Grid",68,64,0.8,18,124.6365,76.0103160881858
"Italian-Grid",68,64,0.8,19,101.7665,70.1255643480861
"Italian-Grid",68,64,0.8,20,80.8405,63.1042164266019
"Italian-Grid",68,64,0.8,21,63.2175,56.1413405505195
"Italian-Grid",68,64,0.8,22,48.6,49.1035903095756
"Italian-Grid",68,64,0.8,23,36.759,42.7207028058307
"Italian-Grid",68,64,0.8,24,27.521,36.8449091824954
"Italian-Grid",68,64,0.8,25,20.437,31.555314923955
"Italian-Grid",68,64,0.8,26,15.0265,26.7649580466628
"Italian-Grid",68,64,0.8,27,10.879,22.5736160831962
"Italian-Grid",68,64,0.8,28,7.8715,18.9644618472705
"Italian-Grid",68,64,0.8,29,5.5125,15.527278961427
"Italian-Grid",68,64,0.8,30,3.853,12.8799587603701
"Italian-Grid",68,64,0.8,31,2.6255,10.3062291323968
"Italian-Grid",68,64,0.8,32,1.7985,8.45101222066191
"Italian-Grid",68,64,0.8,33,1.236,6.79097656315649
"Italian-Grid",68,64,0.8,34,0.836,5.46241915377296
"Italian-Grid",68,64,0.8,35,0.537,4.04089042139215
"Italian-Grid",68,64,0.8,36,0.36,3.13708792677702
"Italian-Grid",68,64,0.8,37,0.236,2.31905002026654
"Italian-Grid",68,64,0.8,38,0.168,1.91744994906088
"Italian-Grid",68,64,0.8,39,0.0985,1.43799571134024
"Italian-Grid",68,64,0.8,40,0.06,1.00194907603904
"Italian-Grid",68,64,0.8,41,0.0495,1.05906116691985
"Italian-Grid",68,64,0.8,42,0.0215,0.448484469251255
"Italian-Grid",68,64,0.8,43,0.0125,0.316850038619986
"Italian-Grid",68,64,0.8,44,0.0065,0.210902797503963
"Italian-Grid",68,64,0.8,45,0.002,0.0894427190999916
"Italian-Grid",68,64,0.8,46,0,0
"Italian-Grid",68,64,0.8,47,0,0
"Italian-Grid",68,64,0.8,48,0,0
"Italian-Grid",68,64,0.8,49,0,0
"Italian-Grid",68,64,0.8,50,0,0
"Italian-Grid",68,64,0.8,51,0,0
"Italian-Grid",68,64,0.8,52,0,0
"Italian-Grid",68,64,0.8,53,0,0
"Italian-Grid",68,64,0.8,54,0,0
"Italian-Grid",68,64,0.8,55,0,0
"Italian-Grid",68,64,0.8,56,0,0
"Italian-Grid",68,64,0.8,57,0,0
"Italian-Grid",68,64,0.8,58,0,0
"Italian-Grid",68,64,0.8,59,0,0
"Italian-Grid",68,64,0.8,60,0,0
"Italian-Grid",68,64,0.8,61,0,0
"Italian-Grid",68,64,0.8,62,0,0
"Italian-Grid",68,64,0.8,63,0,0
"Italian-Grid",68,64,0.8,64,0,0
"Italian-Grid",68,64,0.8,65,0,0
"Italian-Grid",68,64,0.8,66,0,0
"Italian-Grid",68,64,0.8,67,0,0
"Italian-Grid",68,64,0.8,68,0,0
"Italian-Grid",68,64,0.8,69,0,0
"Italian-Grid",68,64,0.8,70,0,0
"Italian-Grid",68,64,0.8,71,0,0
"Italian-Grid",68,64,0.8,72,0,0
"Italian-Grid",68,64,0.8,73,0,0
"Italian-Grid",68,64,0.8,74,0,0
"Italian-Grid",68,64,0.8,75,0,0
"Italian-Grid",68,64,0.8,76,0,0
"Italian-Grid",68,64,0.8,77,0,0
"Italian-Grid",68,64,0.8,78,0,0
"Italian-Grid",68,64,0.8,79,0,0
"Italian-Grid",68,64,0.8,80,0,0
"Italian-Grid",68,64,0.8,81,0,0
"Italian-Grid",68,64,0.8,82,0,0
"Italian-Grid",68,64,0.8,83,0,0
"Italian-Grid",68,64,0.8,84,0,0
"Italian-Grid",68,64,0.8,85,0,0
"Italian-Grid",68,64,0.8,86,0,0
"Italian-Grid",68,64,0.8,87,0,0
"Italian-Grid",68,64,0.8,88,0,0
"Italian-Grid",68,64,0.8,89,0,0
"Italian-Grid",68,64,0.8,90,0,0
"Italian-Grid",68,64,0.8,91,0,0
"Italian-Grid",68,64,0.8,92,0,0
"Italian-Grid",68,64,0.8,93,0,0
"Italian-Grid",68,64,0.8,94,0,0
"Italian-Grid",68,64,0.8,95,0,0
"Italian-Grid",68,64,0.8,96,0,0
"Italian-Grid",68,64,0.8,97,0,0
"Italian-Grid",68,64,0.8,98,0,0
"Italian-Grid",68,64,0.8,99,0,0
"Italian-Grid",68,64,0.8,100,0,0
"Italian-Grid",68,64,0.8,101,0,0
"Italian-Grid",68,64,0.8,102,0,0
"Italian-Grid",68,64,0.8,103,0,0
"Italian-Grid",68,64,0.8,104,0,0
"Italian-Grid",68,64,0.8,105,0,0
"Italian-Grid",68,64,0.8,106,0,0
"Italian-Grid",68,64,0.8,107,0,0
"Italian-Grid",68,64,0.8,108,0,0
"Italian-Grid",68,64,0.8,109,0,0
"Italian-Grid",68,64,0.8,110,0,0
"Italian-Grid",68,64,0.8,111,0,0
"Italian-Grid",68,64,0.8,112,0,0
"Italian-Grid",68,64,0.8,113,0,0
"Italian-Grid",68,64,0.8,114,0,0
"Italian-Grid",68,64,0.8,115,0,0
"Italian-Grid",68,64,0.8,116,0,0
"Italian-Grid",68,64,0.8,117,0,0
"Italian-Grid",68,64,0.8,118,0,0
"Italian-Grid",68,64,0.8,119,0,0
"Italian-Grid",68,64,0.8,120,0,0
"Italian-Grid",68,64,0.8,121,0,0
"Italian-Grid",68,64,0.8,122,0,0
"Italian-Grid",68,64,0.8,123,0,0
"Italian-Grid",68,64,0.8,124,0,0
"Italian-Grid",68,64,0.8,125,0,0
"Italian-Grid",68,64,0.8,126,0,0
"Italian-Grid",68,64,0.95,1,162.444,2.8342336601311
"Italian-Grid",68,64,0.95,2,282.992,9.9534653129384
"Italian-Grid",68,64,0.95,3,401.0945,20.9872056536971
"Italian-Grid",68,64,0.95,4,517.1475,33.6367278206314
"Italian-Grid",68,64,0.95,5,591.2725,41.801159220841
"Italian-Grid",68,64,0.95,6,653.8795,48.6540706318035
"Italian-Grid",68,64,0.95,7,656.438,50.4955548194914
"Italian-Grid",68,64,0.95,8,660.7655,50.6737449174815
"Italian-Grid",68,64,0.95,9,649.309,50.4269963410472
"Italian-Grid",68,64,0.95,10,616.0585,46.721521037034
"Italian-Grid",68,64,0.95,11,529.4345,38.8081530882759
"Italian-Grid",68,64,0.95,12,439.416,40.1082445345071
"Italian-Grid",68,64,0.95,13,354.1025,43.4962982071907
"Italian-Grid",68,64,0.95,14,290.0375,43.1801616130424
"Italian-Grid",68,64,0.95,15,234.656,40.3309057048994
"Italian-Grid",68,64,0.95,16,173.655,42.7654114350324
"Italian-Grid",68,64,0.95,17,127.1825,43.928647336088
"Italian-Grid",68,64,0.95,18,96.597,41.1031303511342
"Italian-Grid",68,64,0.95,19,70.922,36.9210441042622
"Italian-Grid",68,64,0.95,20,54.084,31.2827308370659
"Italian-Grid",68,64,0.95,21,42.363,26.3928119240946
"Italian-Grid",68,64,0.95,22,32.3105,21.9274598733699
"Italian-Grid",68,64,0.95,23,21.1855,16.6482032389547
"Italian-Grid",68,64,0.95,24,11.624,11.9628248582555
"Italian-Grid",68,64,0.95,25,5.89,8.52180794229151
"Italian-Grid",68,64,0.95,26,2.747,5.74364742501413
"Italian-Grid",68,64,0.95,27,1.207,3.85299543042727
"Italian-Grid",68,64,0.95,28,0.5325,2.57881152557573
"Italian-Grid",68,64,0.95,29,0.2615,1.80769234821994
"Italian-Grid",68,64,0.95,30,0.1275,1.26136405119015
"Italian-Grid",68,64,0.95,31,0.0655,0.901452193978701
"Italian-Grid",68,64,0.95,32,0.035,0.609886038936985
"Italian-Grid",68,64,0.95,33,0.015,0.323770618967894
"Italian-Grid",68,64,0.95,34,0.0055,0.165781457786668
"Italian-Grid",68,64,0.95,35,0.002,0.0707000654145724
"Italian-Grid",68,64,0.95,36,5e-04,0.0223606797749979
"Italian-Grid",68,64,0.95,37,0,0
"Italian-Grid",68,64,0.95,38,0,0
"Italian-Grid",68,64,0.95,39,0,0
"Italian-Grid",68,64,0.95,40,0,0
"Italian-Grid",68,64,0.95,41,0,0
"Italian-Grid",68,64,0.95,42,0,0
"Italian-Grid",68,64,0.95,43,0,0
"Italian-Grid",68,64,0.95,44,0,0
"Italian-Grid",68,64,0.95,45,0,0
"Italian-Grid",68,64,0.95,46,0,0
"Italian-Grid",68,64,0.95,47,0,0
"Italian-Grid",68,64,0.95,48,0,0
"Italian-Grid",68,64,0.95,49,0,0
"Italian-Grid",68,64,0.95,50,0,0
"Italian-Grid",68,64,0.95,51,0,0
"Italian-Grid",68,64,0.95,52,0,0
"Italian-Grid",68,64,0.95,53,0,0
"Italian-Grid",68,64,0.95,54,0,0
"Italian-Grid",68,64,0.95,55,0,0
"Italian-Grid",68,64,0.95,56,0,0
"Italian-Grid",68,64,0.95,57,0,0
"Italian-Grid",68,64,0.95,58,0,0
"Italian-Grid",68,64,0.95,59,0,0
"Italian-Grid",68,64,0.95,60,0,0
"Italian-Grid",68,64,0.95,61,0,0
"Italian-Grid",68,64,0.95,62,0,0
"Italian-Grid",68,64,0.95,63,0,0
"Italian-Grid",68,64,0.95,64,0,0
"Italian-Grid",68,64,0.95,65,0,0
"Italian-Grid",68,64,0.95,66,0,0
"Italian-Grid",68,64,0.95,67,0,0
"Italian-Grid",68,64,0.95,68,0,0
"Italian-Grid",68,64,0.95,69,0,0
"Italian-Grid",68,64,0.95,70,0,0
"Italian-Grid",68,64,0.95,71,0,0
"Italian-Grid",68,64,0.95,72,0,0
"Italian-Grid",68,64,0.95,73,0,0
"Italian-Grid",68,64,0.95,74,0,0
"Italian-Grid",68,64,0.95,75,0,0
"Italian-Grid",68,64,0.95,76,0,0
"Italian-Grid",68,64,0.95,77,0,0
"Italian-Grid",68,64,0.95,78,0,0
"Italian-Grid",68,64,0.95,79,0,0
"Italian-Grid",68,64,0.95,80,0,0
"Italian-Grid",68,64,0.95,81,0,0
"Italian-Grid",68,64,0.95,82,0,0
"Italian-Grid",68,64,0.95,83,0,0
"Italian-Grid",68,64,0.95,84,0,0
"Italian-Grid",68,64,0.95,85,0,0
"Italian-Grid",68,64,0.95,86,0,0
"Italian-Grid",68,64,0.95,87,0,0
"Italian-Grid",68,64,0.95,88,0,0
"Italian-Grid",68,64,0.95,89,0,0
"Italian-Grid",68,64,0.95,90,0,0
"Italian-Grid",68,64,0.95,91,0,0
"Italian-Grid",68,64,0.95,92,0,0
"Italian-Grid",68,64,0.95,93,0,0
"Italian-Grid",68,64,0.95,94,0,0
"Italian-Grid",68,64,0.95,95,0,0
"Italian-Grid",68,64,0.95,96,0,0
"Italian-Grid",68,64,0.95,97,0,0
"Italian-Grid",68,64,0.95,98,0,0
"Italian-Grid",68,64,0.95,99,0,0
"Italian-Grid",68,64,0.95,100,0,0
"Italian-Grid",68,64,0.95,101,0,0
"Italian-Grid",68,64,0.95,102,0,0
"Italian-Grid",68,64,0.95,103,0,0
"Italian-Grid",68,64,0.95,104,0,0
"Italian-Grid",68,64,0.95,105,0,0
"Italian-Grid",68,64,0.95,106,0,0
"Italian-Grid",68,64,0.95,107,0,0
"Italian-Grid",68,64,0.95,108,0,0
"Italian-Grid",68,64,0.95,109,0,0
"Italian-Grid",68,64,0.95,110,0,0
"Italian-Grid",68,64,0.95,111,0,0
"Italian-Grid",68,64,0.95,112,0,0
"Italian-Grid",68,64,0.95,113,0,0
"Italian-Grid",68,64,0.95,114,0,0
"Italian-Grid",68,64,0.95,115,0,0
"Italian-Grid",68,64,0.95,116,0,0
"Italian-Grid",68,64,0.95,117,0,0
"Italian-Grid",68,64,0.95,118,0,0
"Italian-Grid",68,64,0.95,119,0,0
"Italian-Grid",68,64,0.95,120,0,0
"Italian-Grid",68,64,0.95,121,0,0
"Italian-Grid",68,64,0.95,122,0,0
"Italian-Grid",68,64,0.95,123,0,0
"Italian-Grid",68,64,0.95,124,0,0
"Italian-Grid",68,64,0.95,125,0,0
"Italian-Grid",68,64,0.95,126,0,0
