"Network","N_nodes","N_edges","s","t","p","Mode","R_st_mean","R_st_sd","Reach_mean","Reach_sd","Elapsed_sec_this_p","Network_total_sec"
"Zachary",34,78,34,1,0.6,"MONTE CARLO APPROXIMATION",0.9965,0.0591,0.8197,0.1034,19.3936,70.0787
"Zachary",34,78,34,1,0.8,"MONTE CARLO APPROXIMATION",1,0,0.956,0.0498,21.9413,70.0787
"Zachary",34,78,34,1,0.95,"MONTE CARLO APPROXIMATION",1,0,0.9956,0.0159,28.4663,70.0787
"Erdos-Renyi",34,78,30,28,0.6,"MONTE CARLO APPROXIMATION",0.999,0.0316,0.9033,0.0866,20.7384,62.7918
"Erdos-Renyi",34,78,30,28,0.8,"MONTE CARLO APPROXIMATION",1,0,0.9904,0.0244,21.1232,62.7918
"Erdos-Renyi",34,78,30,28,0.95,"MONTE CARLO APPROXIMATION",1,0,0.9996,0.0047,20.8962,62.7918
"Barabasi-Albert",34,65,4,2,0.6,"MONTE CARLO APPROXIMATION",0.994,0.0772,0.7741,0.1139,16.9625,56.3504
"Barabasi-Albert",34,65,4,2,0.8,"MONTE CARLO APPROXIMATION",1,0,0.9521,0.0543,20.198,56.3504
"Barabasi-Albert",34,65,4,2,0.95,"MONTE CARLO APPROXIMATION",1,0,0.9971,0.0128,19.1666,56.3504
"Watts-Strogatz",34,68,2,17,0.6,"MONTE CARLO APPROXIMATION",0.823,0.3818,0.8048,0.2063,17.7664,59.4757
"Watts-Strogatz",34,68,2,17,0.8,"MONTE CARLO APPROXIMATION",0.997,0.0547,0.9934,0.0309,20.9827,59.4757
"Watts-Strogatz",34,68,2,17,0.95,"MONTE CARLO APPROXIMATION",1,0,1,0.0013,20.708,59.4757
"IEEE-14-Bus",14,20,4,2,0.6,"MONTE CARLO APPROXIMATION",0.873,0.3331,0.5638,0.2476,14.2416,39.6122
"IEEE-14-Bus",14,20,4,2,0.8,"MONTE CARLO APPROXIMATION",0.99,0.0995,0.8825,0.1618,12.5459,39.6122
"IEEE-14-Bus",14,20,4,2,0.95,"MONTE CARLO APPROXIMATION",1,0,0.9894,0.0417,12.8124,39.6122
"IEEE-118-Bus",118,179,49,100,0.6,"MONTE CARLO APPROXIMATION",0.551,0.4975,0.3525,0.1623,35.6485,143.5215
"IEEE-118-Bus",118,179,49,100,0.8,"MONTE CARLO APPROXIMATION",0.966,0.1813,0.855,0.1102,51.8834,143.5215
"IEEE-118-Bus",118,179,49,100,0.95,"MONTE CARLO APPROXIMATION",1,0,0.9861,0.0192,55.9109,143.5215
"Venezuela-Grid",80,107,3,11,0.6,"MONTE CARLO APPROXIMATION",0.48,0.4997,0.2297,0.1217,22.2876,83.672
"Venezuela-Grid",80,107,3,11,0.8,"MONTE CARLO APPROXIMATION",0.943,0.2319,0.7052,0.1528,29.2607,83.672
"Venezuela-Grid",80,107,3,11,0.95,"MONTE CARLO APPROXIMATION",1,0,0.9549,0.0536,32.0845,83.672
"Italian-Grid",127,171,68,64,0.6,"MONTE CARLO APPROXIMATION",0.6995,0.4586,0.1644,0.0914,29.6054,125.6343
"Italian-Grid",127,171,68,64,0.8,"MONTE CARLO APPROXIMATION",0.9785,0.1451,0.6759,0.174,44.3491,125.6343
"Italian-Grid",127,171,68,64,0.95,"MONTE CARLO APPROXIMATION",1,0,0.9599,0.0469,51.6089,125.6343
